dep_epci,siren_epci,nom_complet,nj_epci2019,fisc_epci2019,nb_com_2019,ptot_epci_2019,pmun_epci_2019
01,200029999,CC Rives de l'Ain - Pays du Cerdon,CC,FPU,14,14792,14449
01,200040350,CC Bugey Sud,CC,FPU,43,34828,33837
01,200042497,CC Dombes Saône Vallée,CC,FPU,19,38793,37603
01,200042935,CA Haut - Bugey Agglomération,CA,FPU,42,65393,63403
01,200069193,CC de la Dombes,CC,FPU,36,39112,38195
01,200070118,CC Val de Saône Centre,CC,FPU,15,20744,20296
01,200070555,CC de la Veyle,CC,FPU,18,22575,22033
01,200071371,CC Bresse et Saône,CC,FPU,20,25831,25162
01,200071751,CA du Bassin de Bourg-en-Bresse,CA,FPU,74,136014,131727
01,240100610,CC de la Côtière à Montluel,CC,FPU,9,25112,24732
01,240100750,CA du Pays de Gex,CA,FPU,27,95187,93027
01,240100800,CC de Miribel et du Plateau,CC,FPU,6,23888,23507
01,240100883,CC de la Plaine de l'Ain,CC,FPU,53,78956,77249
01,240100891,CC du Pays Bellegardien (CCPB),CC,FPU,12,22203,21684
02,200040426,CC du Val de l'Oise,CC,FA,32,16433,16158
02,200043495,CA du Pays de Laon,CA,FPU,38,44505,43259
02,200071769,CC Picardie des Châteaux,CC,FPU,36,17759,17362
02,200071785,CA Chauny Tergnier La Fère,CA,FPU,48,57077,55732
02,200071892,CA du Saint-Quentinois,CA,FPU,39,83579,81489
02,200071983,CC Thiérache Sambre et Oise,CC,FA,36,17475,17060
02,200071991,CC Retz en Valois,CC,FPU,54,30628,29594
02,200072031,CA de la Région de Château-Thierry,CA,FPU,87,55382,54092
02,240200444,CC de la Thiérache du Centre,CC,FPU,68,27564,26531
02,240200469,CC du Pays de la Serre,CC,FPU,42,14879,14621
02,240200477,CA GrandSoissons Agglomération,CA,FPU,28,53504,52143
02,240200493,CC du Pays du Vermandois,CC,FPU,54,31952,31298
02,240200501,CC du Val de l'Aisne,CC,FA,58,20681,20302
02,240200519,CC du Canton d'Oulchy le Château,CC,FA,26,5842,5705
02,240200576,CC de la Champagne Picarde,CC,FPU,46,21418,20940
02,240200584,CC du Canton de Charly sur Marne,CC,FA,21,16035,15744
02,240200592,CC du Chemin des Dames,CC,FA,30,5534,5457
02,240200600,CC des Trois Rivières,CC,FPU,26,22079,21510
02,240200634,CC des Portes de la Thiérache,CC,FPU,30,7177,7056
03,200071082,CA Montluçon Communauté,CA,FPU,21,64249,62414
03,200071140,CA Moulins Communauté,CA,FPU,44,67887,65451
03,200071363,CA Vichy Communauté,CA,FPU,39,84770,82461
03,200071389,CC Saint-Pourçain Sioule Limagne,CC,FPU,60,34877,33949
03,200071470,CC Entr'Allier Besbre et Loire,CC,FPU,44,25763,25151
03,200071496,CC du Bocage Bourbonnais,CC,FPU,25,14123,13797
03,200071512,CC Commentry Montmarault Néris Communauté,CC,FPU,33,26995,26180
03,240300491,CC du Pays de Lapalisse,CC,FPU,14,8700,8471
03,240300558,CC du Pays de Tronçais,CC,FPU,15,7625,7458
03,240300566,CC du Val de Cher,CC,FPU,7,5659,5542
03,240300657,CC du Pays d'Huriel,CC,FPU,14,7747,7596
04,200034700,CA Durance-Lubéron-Verdon Agglomération,CA,FPU,25,63138,61520
04,200067437,CA Provence-Alpes-Agglomération,CA,FPU,46,48951,47298
04,200068625,"CC Alpes-Provence-Verdon ""Sources de lumière""",CC,FPU,41,11614,11403
04,200068765,CC du Sisteronais-Buëch,CC,FPU,60,25576,24859
04,200071025,CC Haute-Provence-Pays de Banon,CC,FPU,21,9897,9709
04,200071033,CC Jabron-Lure-Vançon-Durance,CC,FPU,14,5453,5266
04,200072304,CC Vallée de l'Ubaye - Serre-Ponçon,CC,FPU,13,8189,7790
04,240400440,CC Pays Forcalquier et Montagne de Lure,CC,FPU,13,9903,9698
05,200067320,CC Serre-Ponçon Val d'Avance,CC,FPU,16,7710,7516
05,200067445,CC Buëch-Dévoluy,CC,FPU,20,9636,9306
05,200067452,CC du Guillestrois et du Queyras,CC,FPU,15,8187,7987
05,200067742,CC Serre-Ponçon,CC,FPU,17,16799,16105
05,200067825,CA Gap-Tallard-Durance,CA,FPU,17,52378,50322
05,200068096,CC Champsaur-Valgaudemar,CC,FA,25,11474,11065
05,240500439,CC du Briançonnais,CC,FPU,13,21210,20590
05,240500462,CC du Pays des Ecrins,CC,FPU,8,6900,6689
06,200030195,Métropole Nice Côte d'Azur,METRO,FPU,49,544819,538769
06,200039857,CA du Pays de Grasse,CA,FPU,23,103907,101795
06,200039915,CA Cannes Pays de Lérins,CA,FPU,5,160385,158455
06,200039931,CC Alpes d'Azur,CC,FPU,34,9802,9662
06,240600551,CA de la Riviera Française,CA,FPU,15,73563,72506
06,240600585,CA de Sophia Antipolis,CA,FPU,24,179146,175868
06,240600593,CC du Pays des Paillons,CC,FPU,13,26917,26649
07,200016905,CC du Pays de Lamastre,CC,FPU,11,6816,6633
07,200039808,CC des Gorges de l'Ardèche,CC,FPU,20,15410,15020
07,200039824,CC Ardèche des Sources et Volcans,CC,FPU,16,9852,9627
07,200039832,CC Pays des Vans en Cévennes,CC,FPU,15,9419,9193
07,200041366,CC Rhône Crussol,CC,FPU,13,34667,33854
07,200041465,CC Val Eyrieux,CC,FPU,29,13198,12743
07,200071405,CC Ardèche Rhône Coiron,CC,FPU,15,22919,22346
07,200071413,CA Privas Centre Ardèche,CA,FPU,42,44955,43606
07,200072007,CC de la Montagne d'Ardèche,CC,FPU,28,5046,4957
07,200072015,CA Annonay Rhône Agglo,CA,FPU,29,49955,48528
07,200073096,CA Arche Agglo,CA,FPU,41,58684,57085
07,200073245,CC du Bassin d'Aubenas,CC,FPU,28,41173,39708
07,240700302,CC du Pays Beaume-Drobie,CC,FPU,19,8912,8730
07,240700617,CC Val de Ligne,CC,FPU,11,6341,6138
07,240700716,CC du Val d'Ay,CC,FPU,8,6039,5906
07,240700815,CC Berg et Coiron,CC,FPU,13,7841,7587
07,240700864,CC du Rhône aux Gorges de l'Ardèche,CC,FPU,9,19389,18955
08,200041622,CC Ardennes Thiérache,CC,FPU,37,10171,9956
08,200041630,CA Ardenne Métropole,CA,FPU,58,126950,123082
08,200043156,CC du Pays Réthelois,CC,FPU,65,30678,29876
08,200067759,CC Vallées et Plateau d'Ardenne,CC,FPU,31,25911,25375
08,240800821,"CC Ardenne, Rives de Meuse",CC,FA,19,27990,27333
08,240800847,CC des Portes du Luxembourg,CC,FPU,50,20778,20384
08,240800862,CC des Crêtes Préardennaises,CC,FPU,94,22530,21968
08,240800920,CC de l'Argonne Ardennaise,CC,FPU,95,17996,17397
09,200044469,CC du Pays de Mirepoix,CC,FPU,33,10873,10519
09,200066223,CC Arize Lèze,CC,FPU,27,10908,10732
09,200066231,CC des Portes d'Ariège Pyrénées,CC,FA,35,41004,39464
09,200066363,CC de la Haute Ariège,CC,FPU,52,7440,7170
09,200067791,CA Pays Foix-Varilhes,CA,FPU,42,32990,31813
09,200067940,CC Couserans-Pyrénées,CC,FPU,94,30819,29825
09,240900431,CC du Pays de Tarascon,CC,FPU,20,8629,8498
09,240900464,CC du Pays d'Olmes,CC,FPU,24,15542,15046
10,200000545,CC des Portes de Romilly sur Seine,CC,FA,6,19030,18606
10,200006716,CC du Nogentais,CC,FA,23,17118,16821
10,200040137,CC des Lacs de Champagne,CC,FPU,43,9757,9529
10,200066892,CC de Vendeuvre-Soulaines,CC,FPU,38,7990,7790
10,200069003,CC du Barséquanais en Champagne,CC,FA,53,19581,19051
10,200069250,CA Troyes Champagne Métropole,CA,FPU,81,174658,170145
10,200070126,CC Seine et Aube,CC,FA,25,10357,10148
10,200071041,CC du Chaourçois et du Val d'Armance,CC,FA,42,10835,10599
10,200071777,"CC d'Arcis, Mailly, Ramerupt",CC,FA,39,11781,11490
10,241000223,"CC Forêts, Lacs, Terres en Champagne",CC,FPU,15,7004,6894
10,241000405,CC de la Région de Bar sur Aube,CC,FA,27,11817,11440
10,241000447,CC du Pays d'Othe,CC,FA,14,8029,7905
10,241000488,CC de l'Orvin et de l'Ardusson,CC,FPU,25,8682,8492
11,200035707,CC Piège Lauragais Malepère,CC,FPU,38,16267,15697
11,200035715,CA Carcassonne Agglo,CA,FPU,81,114651,111452
11,200035855,CC Castelnaudary Lauragais Audois,CC,FPU,43,27281,26250
11,200035863,"CC Région Lézignanaise, Corbières et Minervois",CC,FPU,54,33763,33209
11,200042463,CC de la Montagne Noire,CC,FA,23,6031,5867
11,200043776,CC Pyrénées audoises,CC,FPU,61,14435,14080
11,200071926,CC du Limouxin,CC,FPU,77,29425,28466
11,241100593,CA Le Grand Narbonne,CA,FPU,37,130164,127530
12,200067064,CC Decazeville Communauté,CC,FPU,12,19553,18950
12,200067155,"CC Saint Affricain, Roquefort, Sept Vallons",CC,FPU,14,14627,13787
12,200067163,"CC Monts, Rance et Rougier",CC,FPU,23,6605,6336
12,200067171,"CC Aubrac, Carladez et Viadène",CC,FPU,21,10531,10279
12,200067478,CC Comtal Lot et Truyère,CC,FPU,21,19651,19165
12,200068484,CC des Causses à l'Aubrac,CC,FPU,17,15004,14536
12,200068831,CC Pays Ségali,CC,FPU,23,18544,17924
12,200069383,CC du Grand Villefranchois,CC,FPU,29,28669,27486
12,241200187,CA Rodez Agglomération,CA,FPU,8,58526,55345
12,241200542,CC du Réquistanais,CC,FPU,11,5588,5376
12,241200567,CC de Millau Grands Causses,CC,FPU,15,30790,29820
12,241200625,CC du Pays Rignacois,CC,FA,8,5730,5492
12,241200641,CC Conques-Marcillac,CC,FPU,12,12227,11855
12,241200658,CC du Pays de Salars,CC,FA,9,8048,7849
12,241200674,CC du Plateau de Montbazens,CC,FA,13,6376,6208
12,241200765,CC de Lévézou Pareloup,CC,FPU,10,5581,5426
12,241200807,CC Aveyron Bas Ségala Viaur,CC,FPU,7,5776,5623
12,241200906,CC Larzac et Vallées,CC,FPU,16,5520,5403
12,241200914,CC de la Muse et des Raspes du Tarn,CC,FPU,13,5595,5485
13,200035087,CA Terre de Provence,CA,FPU,13,59870,58855
13,200054807,Métropole d'Aix-Marseille-Provence,METRO,FPU,92,1898950,1873707
13,241300375,CC Vallée des Baux-Alpilles (CC VBA),CC,FPU,10,28222,27649
13,241300417,CA d'Arles-Crau-Camargue-Montagnette,CA,FPU,6,86533,85180
14,200065563,CC Normandie-Cabourg-Pays d'Auge,CC,FPU,39,31847,31268
14,200065589,CC Val ès Dunes,CC,FA,18,18124,17901
14,200065597,CU Caen la Mer,CU,FPU,47,271472,265466
14,200066710,CC Cingal-Suisse Normande,CC,FPU,42,24474,24064
14,200066728,CC Vallées de l'Orne et de l'Odon,CC,FPU,23,25377,25007
14,200066801,CC Isigny-Omaha Intercom,CC,FPU,59,27278,26835
14,200066827,CC du Pays de Honfleur-Beuzeville,CC,FPU,23,28383,27760
14,200068799,CC Intercom de la Vire au Noireau,CC,FPU,17,49410,47786
14,200069516,CC Seulles Terre et Mer,CC,FPU,28,17273,16940
14,200069524,CC Pré-Bocage Intercom,CC,FPU,27,25180,24779
14,200069532,CA Lisieux Normandie,CA,FPU,53,76969,74829
14,241400415,CC Coeur Côte Fleurie,CC,FPU,12,21555,20997
14,241400514,CC du Pays de Falaise,CC,FPU,58,28902,28224
14,241400555,CC de Bayeux Intercom,CC,FPU,36,30840,30121
14,241400860,CC Coeur de Nacre,CC,FPU,12,24442,23878
14,241400878,CC Terre d'Auge,CC,FPU,44,19770,19231
15,200066637,CC Hautes Terres,CC,FPU,35,11970,11617
15,200066660,CC de Saint-Flour,CC,FPU,53,24692,23688
15,200066678,CC de la Châtaigneraie Cantalienne,CC,FPU,50,22004,21402
15,241500230,CA du Bassin d'Aurillac,CA,FPU,25,56066,53535
15,241500255,CC du Pays Gentiane,CC,FPU,17,7063,6853
15,241500271,CC du Pays de Mauriac,CC,FPU,11,7146,6792
15,241501055,CC Sumène - Artense,CC,FPU,16,8764,8486
15,241501089,CC Cère et Goul en Carladès,CC,FPU,11,5043,4936
15,241501139,CC du Pays de Salers,CC,FPU,27,8822,8616
16,200029734,CC des 4B Sud Charente,CC,FPU,40,20676,20071
16,200043016,CC Val de Charente,CC,FPU,32,14651,14076
16,200068914,CC La Rochefoucauld - Porte du Périgord,CC,FPU,27,22340,21881
16,200070282,CC Lavalette Tude Dronne,CC,FPU,50,18548,18077
16,200070514,CA du Grand Cognac,CA,FPU,57,71882,69775
16,200071827,CA du Grand Angoulême,CA,FPU,38,147950,141498
16,200072023,CC Coeur de Charente,CC,FA,51,22539,22139
16,200072049,CC de Charente Limousine,CC,FA,58,36786,35630
16,241600303,CC du Rouillacais,CC,FPU,13,10325,10141
17,200036473,CA de Saintes,CA,FPU,36,62280,59716
17,200041499,CC Aunis Atlantique,CC,FPU,20,29981,29560
17,200041523,CC de la Haute Saintonge,CC,FA,129,70100,67989
17,200041614,CC Aunis Sud,CC,FPU,24,32182,31496
17,200041689,CC Vals de Saintonge,CC,FPU,110,54269,52563
17,200041762,CA Rochefort Océan,CA,FPU,25,65068,63288
17,241700434,CA de La Rochelle,CA,FPU,28,173780,168692
17,241700459,CC de l'Ile de Ré,CC,FPU,10,17792,17455
17,241700517,CC Charente-Arnoult-Coeur de Saintonge,CC,FPU,18,17727,17241
17,241700624,CC de l'Ile d'Oléron,CC,FPU,8,22763,22324
17,241700632,CC de Gémozac et de la Saintonge Viticole,CC,FPU,16,14500,14187
17,241700640,CA Royan Atlantique,CA,FPU,33,84241,82277
17,241700699,CC du Bassin de Marennes,CC,FPU,6,15775,15403
18,200000933,CC Sauldre et Sologne,CC,FA,13,14318,13971
18,200007177,CC Pays de Nérondes,CC,FPU,12,5074,4943
18,200011781,CC Portes du Berry entre Loire et Val d'Aubois,CC,FPU,12,10065,9896
18,200027076,CC Arnon Boischaut Cher,CC,FA,18,8371,8180
18,200032514,CC Berry-Loire-Vauvise,CC,FA,14,5757,5647
18,200033207,CC Vierzon-Sologne-Berry,CC,FPU,11,34718,33929
18,200036135,CC Coeur de France,CC,FA,19,19260,18673
18,200049484,CC Berry Grand Sud,CC,FPU,32,12264,12039
18,200066330,CC Terres du Haut Berry,CC,FPU,30,26487,25980
18,200069227,CC Pays Fort Sancerrois Val de Loire,CC,FA,36,19203,18747
18,200070571,CC Coeur de Berry,CC,FA,12,8576,8387
18,241800325,CC les Villages de la Forêt,CC,FA,5,5370,5238
18,241800374,CC la Septaine,CC,FPU,15,10950,10757
18,241800424,CC le Dunois,CC,FA,17,7926,7769
18,241800432,CC les Trois Provinces,CC,FA,11,5325,5237
18,241800457,CC Fercher Pays Florentais,CC,FA,9,11987,11745
18,241800507,CA Bourges Plus,CA,FPU,17,106729,103304
19,200043172,CA du Bassin de Brive,CA,FPU,48,110698,107831
19,200066603,CC du Pays de Lubersac-Pompadour,CC,FPU,12,7763,7619
19,200066645,CC Vézère-Monédières-Millesources,CC,FPU,19,5207,5042
19,200066744,CC Haute-Corrèze Communauté,CC,FPU,71,34986,33652
19,200066751,CC Xaintrie Val'Dordogne,CC,FPU,30,12013,11611
19,200066769,CC Midi Corrézien,CC,FPU,34,13472,13130
19,241900133,CC de Ventadour - Egletons - Monédières,CC,FPU,20,11184,10215
19,241927201,CA Tulle Agglo,CA,FPU,43,46122,44358
19,241927243,CC du Pays d'Uzerche,CC,FPU,12,9937,9730
21,200000925,CC de la Plaine Dijonnaise,CC,FPU,23,22549,22067
21,200006682,"CA Beaune, Côte et Sud - Communauté Beaune-Chagny-Nolay",CA,FPU,53,53919,52379
21,200039055,CC Ouche et Montagne,CC,FPU,32,10896,10666
21,200039063,"CC Forêts, Seine et Suzon",CC,FPU,25,7015,6902
21,200069540,CC Norge et Tille,CC,FPU,14,16125,15790
21,200070894,CC de Gevrey-Chambertin et de Nuits-Saint-Georges,CC,FPU,55,30545,29798
21,200070902,CC Auxonne Pontailler Val de Saône,CC,FPU,35,23768,23406
21,200070910,CC Tille et Venelle,CC,FPU,18,5079,4980
21,200071017,CC des Terres d'Auxois,CC,FPU,76,16540,15903
21,200071173,CC du Pays Arnay Liernais,CC,FA,34,7432,7256
21,200071207,CC de Pouilly en Auxois/Bligny sur Ouche,CC,FA,47,8910,8564
21,200072825,CC Mirebellois et Fontenois,CC,FPU,32,12825,12617
21,242100154,CC des Vallées de la Tille et de l'Ignon,CC,FPU,23,13707,13519
21,242100410,Dijon Métropole,METRO,FPU,24,257933,251897
21,242101434,CC du Pays Châtillonnais,CC,FA,107,21021,20165
21,242101442,CC de Saulieu,CC,FA,12,5582,5410
21,242101459,CC du Pays d'Alésia et de la Seine,CC,FPU,24,7763,7610
21,242101491,CC du Montbardois,CC,FPU,33,11259,10986
21,242101509,CC Rives de Saône,CC,FPU,38,21141,20705
22,200065928,CA Lannion-Trégor Communauté,CA,FPU,57,103730,99903
22,200067460,CC Loudéac Communauté - Bretagne Centre,CC,FPU,41,52949,51352
22,200067981,CA Guingamp-Paimpol Agglomération de l'Armor à l'Argoat,CA,FPU,57,76381,73703
22,200068989,CA Dinan Agglomération,CA,FPU,64,99639,96891
22,200069086,CC Leff Armor Communauté,CC,FPU,27,31934,31258
22,200069391,CA Lamballe Terre et Mer,CA,FPU,38,69133,67297
22,200069409,CA Saint-Brieuc Armor Agglomération,CA,FPU,32,156652,151517
22,242200715,CC du Kreiz-Breizh (CCKB),CC,FPU,23,19356,18520
23,200034825,CA du Grand Guéret,CA,FPU,25,30387,29213
23,200041556,CC Portes de la Creuse en Marche,CC,FPU,16,6781,6655
23,200044014,CC Creuse Grand Sud,CC,FPU,26,12725,12128
23,200067189,CC Creuse Sud Ouest,CC,FPU,43,14489,13835
23,200067510,CC Monts et Vallées Ouest Creuse,CC,FPU,43,25822,25119
23,200067544,CC Creuse Confluence,CC,FPU,42,17242,16893
23,200067593,CC Marche et Combraille en Aquitaine,CC,FPU,50,14092,13723
24,200027217,CC Sarlat-Périgord Noir,CC,FPU,13,16849,16152
24,200034197,CC de Montaigne Montravel et Gurson,CC,FA,18,12273,12033
24,200034833,CC des Bastides Dordogne-Périgord,CC,FPU,47,19194,18803
24,200040095,CC Isle Vern Salembre en Périgord,CC,FPU,16,19487,19085
24,200040384,CC Isle Double Landais,CC,FPU,9,12105,11947
24,200040392,CA Le Grand Périgueux,CA,FPU,43,107359,103565
24,200040400,CC du Pays Ribéracois,CC,FPU,44,20337,19769
24,200040830,CC du Pays de Fénelon,CC,FPU,19,9961,9686
24,200040889,CC de Portes Sud Périgord,CC,FA,25,8488,8345
24,200041051,CC Vallée de la Dordogne et Forêt Bessède,CC,FA,20,9358,9106
24,200041150,CC du Terrassonnais en Périgord Noir Thenon Hautefort,CC,FPU,37,22993,22489
24,200041168,CC de la Vallée de l'Homme,CC,FPU,26,16125,15725
24,200041440,CC de Domme- Villefranche du Périgord,CC,FPU,23,8913,8705
24,200041572,CC Dronne et Belle,CC,FPU,16,11565,11337
24,200069094,CC Isle et Crempse en Périgord,CC,FPU,25,14584,14299
24,200070647,CA Bergeracoise,CA,FPU,38,62830,60844
24,200071819,CC du Périgord Nontronnais,CC,FPU,28,15700,15319
24,242400752,CC Périgord-Limousin,CC,FPU,22,14694,14291
24,242400935,CC du Pays de Saint Aulaye,CC,FA,6,6795,6644
24,242401024,CC Isle-Loue-Auvézère en Périgord,CC,FPU,28,14145,13811
25,200023075,CC du Pays de Maîche,CC,FPU,43,19123,18686
25,200065647,CA Pays de Montbéliard Agglomération,CA,FPU,72,142947,139989
25,200068070,CC Loue-Lison,CC,FPU,74,25843,25268
25,200068294,CC des Deux Vallées Vertes,CC,FPU,54,16632,16293
25,200069565,CC des Lacs et Montagnes du Haut-Doubs,CC,FA,32,16124,15721
25,242500320,CC de Montbenoit,CC,FA,16,7749,7586
25,242500338,CC du Grand Pontarlier,CC,FPU,10,28052,26976
25,242500361,CA du Grand Besançon,CA,FPU,68,198540,193187
25,242504116,CC du Val de Morteau,CC,FPU,8,21181,20463
25,242504181,CC des Portes du Haut-Doubs,CC,FPU,47,26478,25869
25,242504355,CC du Plateau de Russey,CC,FPU,17,6835,6478
25,242504371,CC du Pays de Sancey-Belleherbe,CC,FPU,27,5594,5488
25,242504447,CC du Doubs Baumois,CC,FPU,58,16552,16167
25,242504488,CC Altitude 800,CC,FPU,11,6615,6278
25,242504496,CC du Plateau de Frasne et du Val de Drugeon (CFD),CC,FPU,10,6067,5949
26,200040459,CA Montélimar Agglomération,CA,FPU,26,66778,64813
26,200040491,CC Porte de Dromardèche,CC,FPU,35,48240,46656
26,200040509,CC du Crestois et de Pays de Saillans Coeur de Drôme,CC,FPU,15,15608,15134
26,200042901,CC Drôme Sud Provence,CC,FA,14,43196,41965
26,200067767,CC du Royans-Vercors,CC,FPU,18,10023,9671
26,200068229,CC des Baronnies en Drôme Provençale,CC,FA,67,21849,21173
26,200068781,CA Valence Romans Agglo,CA,FPU,54,225881,220156
26,242600252,CC du Val de Drôme,CC,FPU,30,31522,30844
26,242600492,CC Dieulefit-Bourdeaux,CC,FPU,21,9715,9383
26,242600534,CC du Diois,CC,FPU,50,11920,11507
27,200035665,CA Seine Eure,CA,FPU,43,76026,74192
27,200065787,CC de Pont-Audemer / Val de Risle,CC,FPU,32,34014,33226
27,200066017,CC Lieuvin Pays d'Auge,CC,FA,51,20873,20503
27,200066405,CC Roumois Seine,CC,FPU,40,40707,40050
27,200066413,CC Intercom Bernay Terres de Normandie,CC,FPU,75,57513,55712
27,200066462,CC Interco Normandie Sud Eure,CC,FPU,41,40465,39134
27,200070142,CC Lyons Andelle,CC,FPU,30,21185,20870
27,200071454,CA Evreux Portes de Normandie,CA,FPU,74,116242,111800
27,200071843,CC du Vexin Normand,CC,FPU,39,33047,32342
27,200072312,CA Seine Normandie Agglomération,CA,FPU,61,85544,82771
27,242700276,CC du Pays de Conches,CC,FA,25,19193,18724
27,242700607,CC du Pays du Neubourg,CC,FA,41,23054,22380
27,242700623,CC Eure-Madrie-Seine,CC,FPU,17,29712,29093
28,200006971,CC du Perche,CC,FPU,20,19444,18704
28,200033181,CA Chartres Métropole,CA,FPU,66,140716,136375
28,200040277,CA Agglo du Pays de Dreux,CA,FPU,81,117264,115092
28,200058360,CC entre Beauce et Perche,CC,FPU,33,22048,21236
28,200069912,CC des Forêts du Perche,CC,FPU,15,8083,7940
28,200069953,CC des Portes Euréliennes d'Ile de France,CC,FPU,39,49427,48424
28,200069961,CC du Grand Châteaudun,CC,FPU,23,41898,40831
28,200070159,CC Coeur de Beauce,CC,FPU,48,25308,24806
28,200070167,CC Terres de Perche,CC,FPU,22,14876,14451
28,242852465,CC du Bonnevalais,CC,FPU,19,12977,12649
29,200066868,CC Presqu'île de Crozon-Aulne maritime,CC,FPU,10,23877,23112
29,200067072,CC Haut-Léon Communauté,CC,FPU,14,32435,31517
29,200067197,CC Monts d'Arrée Communauté,CC,FPU,12,8167,7833
29,200067247,CC Pleyben-Châteaulin-Porzay,CC,FPU,17,24330,23015
29,200068120,CA Quimper Bretagne Occidentale,CA,FPU,14,104795,100412
29,242900074,CC du Pays d'Iroise,CC,FPU,19,49068,48043
29,242900314,Brest Métropole,METRO,FPU,8,213880,208930
29,242900553,CC du Pays des Abers,CC,FPU,13,41618,40699
29,242900561,CC de Haute Cornouaille,CC,FPU,11,15288,14932
29,242900629,CC Cap Sizun - Pointe du Raz,CC,FPU,10,15784,15406
29,242900645,CC Douarnenez Communauté,CC,FPU,5,18949,18327
29,242900660,CC du Pays Fouesnantais,CC,FPU,7,28491,27572
29,242900694,CA Quimperlé Communauté,CA,FPU,16,57117,55464
29,242900702,CC du Pays Bigouden Sud,CC,FPU,12,38565,37332
29,242900710,CC du Haut Pays Bigouden,CC,FPU,10,18465,18028
29,242900744,CC Poher Communauté,CC,FPU,11,16391,15597
29,242900751,CC du Pays de Landivisiau,CC,FPU,19,34026,33066
29,242900769,CA Concarneau Cornouaille Agglomération,CA,FPU,9,51698,49955
29,242900793,CC Communauté Lesneven Côte des Légendes,CC,FPU,14,28248,27482
29,242900801,CC du Pays de Landerneau-Daoulas,CC,FPU,22,49653,48280
29,242900835,CA Morlaix Communauté,CA,FPU,26,66611,64247
30,200034379,CC Pays d'Uzès,CC,FPU,32,29024,28213
30,200034411,CC du Piémont Cévenol,CC,FPU,34,22004,21558
30,200034601,CC Causses Aigoual Cévennes,CC,FA,15,5681,5559
30,200034692,CA du Gard Rhodanien,CA,FPU,44,75501,73922
30,200035129,CC de Cèze Cévennes,CC,FPU,23,19519,19219
30,200066918,CA Alès Agglomération,CA,FPU,73,132220,128969
30,243000270,CC du Pays Viganais,CC,FPU,21,10424,10089
30,243000296,CC du Pays de Sommières,CC,FPU,18,23462,23087
30,243000569,"CC Rhony, Vistre, Vidourle",CC,FPU,10,26871,26414
30,243000585,CC Beaucaire Terre d'Argence,CC,FPU,5,31272,30894
30,243000593,CC de Petite Camargue,CC,FPU,5,26949,26570
30,243000643,CA de Nîmes Métropole,CA,FPU,39,262891,257788
30,243000650,CC Terre de Camargue,CC,FPU,3,20466,20258
30,243000684,CC du Pont du Gard,CC,FPU,17,26568,25926
31,200034957,CC du Frontonnais,CC,FPU,10,26317,25885
31,200066819,CC du Volvestre,CC,FA,32,30403,29757
31,200068641,CA Le Muretain Agglo,CA,FPU,26,121794,119336
31,200068807,CC du Bassin Auterivain Haut-Garonnais,CC,FPU,19,31894,31317
31,200068815,CC Coeur de Garonne,CC,FPU,48,35339,34626
31,200071298,CC des Terres du Lauragais,CC,FPU,58,39773,39095
31,200071314,CC communauté de communes des Hauts-Tolosans,CC,FPU,29,33629,33018
31,200072635,CC Pyrénées Haut Garonnaises,CC,FPU,76,16132,15516
31,200072643,CC Coeur et Coteaux du Comminges,CC,FPU,104,45524,44182
31,200073146,CC Cagire Garonne Salat,CC,FPU,55,18282,17746
31,243100518,Toulouse Métropole,METRO,FPU,37,775014,762956
31,243100567,CC Lauragais Revel Sorezois,CC,FPU,28,22158,21428
31,243100633,CA du Sicoval,CA,FPU,36,78896,76777
31,243100732,CC des Coteaux du Girou,CC,FPU,18,21489,21026
31,243100773,CC Val'Aïgo,CC,FPU,9,17500,17230
31,243100781,CC de la Save au Touch,CC,FPU,7,40751,39883
31,243100815,CC des Coteaux Bellevue,CC,FPU,7,20435,20038
32,200023620,CC de la Gascogne Toulousaine,CC,FPU,14,21933,21384
32,200034726,CC Bastides de Lomagne,CC,FPU,41,11513,11144
32,200035632,CC Armagnac Adour,CC,FPU,24,7106,6821
32,200035756,CC Astarac Arros en Gascogne,CC,FPU,37,7568,7321
32,200042372,CC des Coteaux Arrats Gimone,CC,FPU,30,10777,10553
32,200066926,CA Grand Auch Coeur de Gascogne,CA,FPU,34,40107,38418
32,200072320,CC Val de Gers,CC,FPU,45,10859,10136
32,243200391,CC de la Lomagne Gersoise,CC,FPU,43,20081,19299
32,243200409,CC du Bas Armagnac,CC,FA,26,8930,8554
32,243200417,CC de la Tenarèze,CC,FPU,26,15165,14708
32,243200425,CC Coeur d'Astarac en Gascogne,CC,FPU,19,8250,7778
32,243200458,CC du Grand Armagnac,CC,FA,25,13522,13228
32,243200508,CC Bastides et Vallons du Gers,CC,FPU,30,7516,7235
32,243200599,CC du Saves,CC,FPU,32,9870,9557
32,243200607,CC Artagnan de Fezensac,CC,FPU,25,7244,7085
33,200023794,CC de Blaye,CC,FPU,21,21010,20343
33,200035533,CC du Grand Saint Emilionnais,CC,FPU,22,15268,14738
33,200043974,CC du Sud Gironde,CC,FPU,37,39266,38135
33,200043982,CC du Bazadais,CC,FPU,31,16289,15660
33,200044394,CC du Réolais en Sud Gironde,CC,FPU,41,24180,23660
33,200069581,CC Convergence Garonne,CC,FPU,27,32846,32400
33,200069599,CC rurales de l'Entre-Deux-Mers,CC,FPU,50,16851,16526
33,200069995,CC Médoc Coeur de Presqu'île,CC,FPU,18,30383,29861
33,200070092,CA du Libournais,CA,FPU,45,92640,90791
33,200070720,CC Médoc Atlantique,CC,FPU,14,26318,25956
33,243300316,Bordeaux Métropole,METRO,FPU,28,796273,783081
33,243300563,CA Bassin d'Arcachon Sud-Pôle Atlantique (COBAS),CA,FPU,4,67244,65952
33,243300811,CC de l'Estuaire,CC,FPU,14,16077,15770
33,243301165,CC Jalle-Eau-Bourde,CC,FPU,3,30999,30457
33,243301181,CC Latitude Nord Gironde,CC,FPU,11,19825,19535
33,243301215,CC du Créonnais,CC,FPU,15,17212,16919
33,243301223,CC du Grand Cubzaguais,CC,FPU,16,34996,34442
33,243301249,CC du Secteur de Saint-Loubès,CC,FPU,6,27027,26622
33,243301264,CC de Montesquieu,CC,FPU,13,43893,42534
33,243301355,CC des Coteaux Bordelais,CC,FPU,8,19424,19151
33,243301371,CC du Pays Foyen,CC,FPU,20,17012,16600
33,243301389,CC Médullienne,CC,FPU,10,20902,20634
33,243301397,CC du Fronsadais,CC,FPU,18,17256,16865
33,243301405,CC du Val de l'Eyre,CC,FPU,5,19936,19625
33,243301439,CC des Portes de l'Entre-Deux-Mers,CC,FPU,11,21275,20764
33,243301447,CC Médoc Estuaire,CC,FPU,10,28322,27933
33,243301454,CC Castillon/Pujols,CC,FPU,31,19459,19157
33,243301504,CA du Bassin d'Arcachon Nord,CA,FPU,8,66632,65402
34,200017341,CC Lodévois et Larzac,CC,FPU,28,14989,14563
34,200022986,CC du Grand Pic Saint-Loup,CC,FPU,36,48793,47600
34,200042646,CC Grand Orb communauté de communes en Languedoc,CC,FPU,24,20827,20337
34,200042653,CC Sud-Hérault,CC,FPU,17,17931,17616
34,200066348,CC du Minervois au Caroux,CC,FPU,36,15173,14729
34,200066355,CA Sète Agglopôle Méditerranée,CA,FPU,14,126206,124469
34,200071058,CC Les Avant-Monts,CC,FPU,25,26947,26514
34,243400017,Montpellier Méditerranée Métropole,METRO,FPU,31,472573,465070
34,243400355,CC du Clermontais,CC,FPU,21,27964,27483
34,243400470,CA du Pays de l'Or,CA,FPU,8,45383,44778
34,243400488,CC la Domitienne,CC,FPU,8,27926,27400
34,243400520,CC du Pays de Lunel,CC,FPU,14,50240,49618
34,243400694,CC Vallée de l'Hérault,CC,FPU,28,38635,37967
34,243400736,CC des Cévennes Gangeoises et Suménoises,CC,FPU,13,13503,13170
34,243400769,CA de Béziers-Méditerranée,CA,FPU,17,125921,123613
34,243400819,CA Hérault-Méditerranée,CA,FPU,20,79041,77450
35,200038990,CC de Saint-Méen Montauban,CC,FPU,17,27007,26303
35,200039022,CA Vitré Communauté,CA,FPU,46,82412,80368
35,200043990,CC Vallons de Haute-Bretagne Communauté,CC,FPU,18,44211,43278
35,200070662,CC Bretagne Porte de Loire Communauté,CC,FPU,20,32447,31876
35,200070670,CC du Pays de Dol et de la Baie du Mont Saint-Michel,CC,FPU,19,24141,23537
35,200070688,CC Couesnon Marches de Bretagne,CC,FPU,15,22424,21970
35,200072452,CA Fougères Agglomération,CA,FPU,29,57021,55391
35,243500139,Rennes Métropole,METRO,FPU,43,454931,443192
35,243500550,CC Montfort Communauté,CC,FPU,8,25859,25337
35,243500618,CC de Brocéliande,CC,FPU,8,18349,18066
35,243500634,CC de La Roche aux Fées,CC,FPU,16,26892,26310
35,243500659,CC Pays de Châteaugiron Communauté,CC,FPU,5,26158,25537
35,243500667,CC Val d'Ille-Aubigné,CC,FPU,19,36441,35692
35,243500725,CC Côte d'Emeraude,CC,FPU,9,31767,30622
35,243500733,CC Bretagne Romantique,CC,FPU,25,35699,34937
35,243500741,CA Redon Agglomération,CA,FPU,31,68537,66091
35,243500774,CC Liffré-Cormier Communauté,CC,FPU,9,26181,25590
35,243500782,CA du Pays de Saint Malo Agglomération,CA,FPU,18,84975,82577
36,200007052,CC de la Marche Berrichonne,CC,FA,9,5830,5727
36,200018521,CC du Val de Bouzanne,CC,FA,12,6154,6033
36,200035137,CC Marche Occitane - Val d'Anglin,CC,FPU,17,6998,6838
36,200035848,CC du Châtillonnais en Berry,CC,FPU,10,6397,6094
36,200040558,CC Ecueillé-Valençay,CC,FPU,18,11588,11306
36,200068872,CC Eguzon - Argenton - Vallée de la Creuse,CC,FPU,21,20424,19882
36,200068880,CC Champagne Boischauts,CC,FPU,30,10197,10006
36,243600202,CC Chabris - Pays de Bazelle,CC,FPU,10,6409,6310
36,243600236,CC du Pays d'Issoudun,CC,FA,12,20660,20126
36,243600293,CC de la Région de Levroux,CC,FA,10,6470,6382
36,243600301,CC Val de l'Indre - Brenne,CC,FPU,12,13894,13652
36,243600319,CC Brenne - Val de Creuse,CC,FPU,28,18791,18247
36,243600327,CA Châteauroux Métropole,CA,FPU,14,76223,73617
36,243600343,CC Coeur de Brenne,CC,FPU,11,4900,4802
36,243600350,CC de la Châtre et Sainte-Sévère,CC,FPU,30,17070,16673
37,200043065,CC du Val d Amboise,CC,FPU,14,28699,27961
37,200043081,"CC Chinon, Vienne et Loire",CC,FPU,19,24389,23524
37,200071587,CC Loches Sud Touraine,CC,FPU,67,53945,52070
37,200072650,CC Touraine Vallée de l'Indre,CC,FPU,22,52890,51878
37,200072668,CC Touraine Val de Vienne,CC,FPU,40,25864,25435
37,200072981,CC Touraine Ouest Val de Loire,CC,FPU,28,34037,33454
37,200073161,CC Touraine-Est Vallées,CC,FPU,10,40087,39116
37,200073237,CC de Gâtine et Choisilles - Pays de Racan,CC,FPU,19,21851,21411
37,243700499,CC du Castelrenaudais,CC,FPU,16,17164,16799
37,243700754,Tours Métropole Val de Loire,METRO,FPU,22,299847,293123
37,243700820,CC de Bléré Val de Cher,CC,FPU,15,21898,21452
38,200018166,CC Le Grésivaudan,CC,FPU,43,104179,101100
38,200030658,CC du Trièves,CC,FPU,27,10300,10044
38,200040111,CC Coeur de Chartreuse,CC,FPU,17,17326,16980
38,200040657,CC de la Matheysine,CC,FPU,43,19643,19088
38,200040715,Grenoble-Alpes-Métropole,METRO,FPU,49,450049,443123
38,200059392,CC Bièvre Isère,CC,FPU,50,55571,54249
38,200068542,CC Les Balcons du Dauphiné,CC,FPU,47,77408,75807
38,200068567,CC Les Vals du Dauphiné,CC,FPU,36,63724,62133
38,200070431,CC Saint-Marcellin Vercors Isère Communauté,CC,FPU,47,45375,44230
38,200077014,CA Vienne Condrieu,CA,FPU,30,91244,89210
38,200085751,CC Entre Bièvre et Rhône,CC,FPU,37,68947,67546
38,243800604,CA Porte de l'Isère (CAPI),CA,FPU,22,107535,105299
38,243800745,CC de l'Oisans,CC,FA,19,10932,10680
38,243800935,CC Lyon-Saint-Exupéry en Dauphiné,CC,FA,6,27629,27329
38,243800984,CA du Pays Voironnais,CA,FPU,31,95787,93179
38,243801024,CC du Massif du Vercors,CC,FPU,6,12288,11747
38,243801073,CC de Bièvre Est,CC,FPU,14,22472,22031
38,243801255,CC des Collines du Nord Dauphiné,CC,FPU,10,24647,24178
39,200010650,CA du Grand Dole,CA,FPU,47,56045,54171
39,200012060,CC Petite Montagne,CC,FPU,23,6853,6655
39,200026573,CC Haut-Jura Saint-Claude,CC,FPU,22,21746,20975
39,200069615,CC Bresse Haute Seille,CC,FPU,54,19367,18933
39,200069623,CC Champagnole Nozeroy Jura,CC,FPU,63,23024,22113
39,200071116,CA ECLA  (Espace Communautaire Lons Agglomération),CA,FPU,32,36085,34407
39,200071595,"CC Arbois, Poligny, Salins, Coeur du Jura",CC,FPU,66,23142,22036
39,200072056,CC Porte du Jura,CC,FPU,22,10872,10566
39,243900354,CC de la Station des Rousses-Haut Jura,CC,FA,4,7217,7030
39,243900412,CC Jura Sud,CC,FPU,17,7210,6979
39,243900420,CC du Val d'Amour,CC,FPU,24,9678,9183
39,243900479,CC du Haut-Jura (ARCADE),CC,FPU,4,9836,9400
39,243900560,CC Jura Nord,CC,FPU,32,11808,11582
39,243900610,CC la Grandvallière,CC,FA,8,5515,5365
39,243900719,CC du Pays des Lacs,CC,FPU,30,6283,6091
39,243901071,CC de la Région d'Orgelet,CC,FPU,25,6024,5757
39,243901089,CC de la Plaine Jurassienne,CC,FPU,21,9437,9274
40,200030435,CC d'Aire-sur-l'Adour,CC,FPU,22,13602,12868
40,200035541,CC des Landes d'Armagnac,CC,FPU,27,11303,10886
40,200069417,CC Pays d'Orthe et Arrigans,CC,FPU,24,24338,23619
40,200069631,CC Terres de Chalosse,CC,FPU,34,18765,18231
40,200069649,CC Chalosse Tursan,CC,FPU,50,26721,26069
40,200069656,CC Coeur Haute Lande,CC,FA,26,15989,15557
40,244000543,CC de Mimizan,CC,FPU,6,12322,12025
40,244000659,CC du Seignanx,CC,FPU,8,27477,26825
40,244000675,CA du Grand Dax,CA,FPU,20,57424,54874
40,244000691,CC du Pays Morcenais,CC,FA,6,9716,9408
40,244000766,CC du Pays Tarusate,CC,FPU,17,17932,17512
40,244000774,CC du Pays de Villeneuve en Armagnac Landais,CC,FPU,12,6414,6282
40,244000808,CA Mont de Marsan Agglomération,CA,FPU,18,55741,53323
40,244000824,CC du Pays Grenadois,CC,FPU,11,7914,7684
40,244000857,CC Côte Landes Nature,CC,FPU,10,11784,11534
40,244000865,CC Maremne Adour Côte Sud,CC,FPU,23,66114,64493
40,244000873,CC des Grands Lacs,CC,FPU,7,29920,29186
40,244000881,CC Coteaux et Vallées des Luys,CC,FPU,16,7798,7628
41,200000800,CC Coeur de Sologne,CC,FPU,6,10809,10609
41,200018406,CC du Romorantinais et du Monestois,CC,FPU,16,35102,33887
41,200030385,CA de Blois ''Agglopolys'',CA,FPU,43,109006,105373
41,200040772,CC du Perche et Haut Vendômois,CC,FPU,23,9381,9213
41,200055481,CC Beauce Val de Loire,CC,FPU,30,20352,19940
41,200072064,CC Val-de-Cher-Controis,CC,FPU,33,49295,47912
41,200072072,CA Territoires Vendômois,CA,FPU,65,56604,54450
41,244100293,CC des Collines du Perche,CC,FPU,12,6306,6156
41,244100780,CC de la Sologne des Etangs,CC,FPU,12,8869,8696
41,244100798,CC du Grand Chambord,CC,FPU,16,21064,20629
41,244100806,CC de la Sologne des Rivières,CC,FPU,7,11261,11041
42,200035202,CC Charlieu-Belmont,CC,FPU,25,24277,23363
42,200035731,CA Roannais Agglomération,CA,FPU,40,103824,100587
42,200065886,CA Loire Forez Agglomération (LFA),CA,FPU,87,112038,109047
42,200065894,CC de Forez-Est,CC,FPU,42,64756,63437
42,244200614,CC des Vals d'Aix et Isable,CC,FPU,12,6190,6039
42,244200622,CC des Monts du Pilat,CC,FPU,16,15549,15105
42,244200630,CC du Pays Entre Loire et Rhône,CC,FPU,16,14095,13825
42,244200770,Saint-Etienne Métropole,METRO,FPU,53,410290,404048
42,244200820,CC du Pays d'Urfé,CC,FA,11,5363,5224
42,244200895,CC du Pilat Rhodanien,CC,FPU,14,17178,16771
43,200073393,CC des Rives du Haut Allier,CC,FPU,59,17656,17143
43,200073401,CC Mézenc-Loire-Meygal,CC,FPU,22,11312,11024
43,200073419,CA du Puy-en-Velay,CA,FPU,73,85543,82657
43,200073427,CC Marches du Velay-Rochebaron,CC,FPU,14,31251,30399
43,200085728,CC Brioude Sud Auvergne,CC,FPU,27,17806,16937
43,244300307,CC du Pays de Montfaucon,CC,FPU,8,8495,8280
43,244301016,CC des Sucs,CC,FPU,9,18495,17731
43,244301099,CC Auzon Communauté,CC,FPU,12,9485,9281
43,244301107,CC du Haut Lignon,CC,FPU,6,8348,8149
43,244301123,CC des Pays de Cayres et de Pradelles,CC,FPU,20,5371,5224
43,244301131,CC Loire et Semène,CC,FPU,7,20851,20514
44,200000438,CC du Pays de Pontchâteau St-Gildas-des-Bois,CC,FPU,9,35872,35127
44,200067346,CA Pornic Agglo Pays de Retz,CA,FPU,14,57449,56370
44,200067635,CA Clisson Sèvre et Maine Agglo,CA,FPU,16,55686,54124
44,200067866,CC Sèvre et Loire,CC,FPU,11,47932,46817
44,200071546,CC Sud Retz Atlantique,CC,FPU,9,29915,29286
44,200072726,CC Châteaubriant-Derval,CC,FPU,26,45779,44200
44,200072734,CC Estuaire et Sillon,CC,FPU,11,39099,38027
44,244400404,Nantes Métropole,METRO,FPU,24,654829,638931
44,244400438,CC de Grand Lieu,CC,FPU,9,39210,38533
44,244400453,CC de la Région de Blain,CC,FPU,4,16457,16165
44,244400503,CC d'Erdre et Gesvres,CC,FPU,12,62337,61123
44,244400537,CC de Nozay,CC,FPU,7,15978,15756
44,244400552,CC du Pays d'Ancenis,CC,FPU,20,67991,66442
44,244400586,CC du Sud Estuaire,CC,FPU,6,30585,29843
44,244400610,CA de la Presqu'île de Guérande Atlantique (CAP ATLANTIQUE),CA,FPU,15,75639,73599
44,244400644,CA de la Région Nazairienne et de l'Estuaire (CARENE),CA,FPU,10,128035,123818
45,200005932,CC des Portes de Sologne,CC,FPU,7,15738,15421
45,200035764,CC de la Beauce Loirétaine,CC,FPU,23,16948,16649
45,200066280,CC du Pithiverais,CC,FPU,31,30028,29351
45,200067668,"CC de la Cléry, du Betz et de l'Ouanne",CC,FPU,24,21075,20509
45,200067676,CC Canaux et Forêts en Gâtinais,CC,FPU,38,28623,27870
45,200068278,CC Berry Loire Puisaye,CC,FPU,20,18960,18469
45,200070100,CC du Val de Sully,CC,FPU,19,25310,24790
45,200070183,CC des Terres du Val de Loire,CC,FPU,25,49511,48336
45,200071850,CC du Pithiverais-Gâtinais,CC,FPU,32,26665,26089
45,244500203,CA Montargoise et Rives du Loing (AME),CA,FPU,15,64112,61353
45,244500211,CC Giennoises,CC,FPU,11,25832,24992
45,244500419,CC des Quatre Vallées,CC,FPU,19,17763,17349
45,244500427,CC des Loges,CC,FPU,20,42813,42030
45,244500468,Orléans Métropole,METRO,FPU,22,289942,282828
45,244500484,CC de la Forêt,CC,FPU,10,16841,16521
45,244500542,CC de la Plaine du Nord Loiret,CC,FPU,15,7020,6893
46,200023737,CA du Grand Cahors,CA,FPU,36,42486,40775
46,200035327,CC Cazals-Salviac,CC,FA,15,5446,5332
46,200039519,CC du Quercy Blanc,CC,FA,10,7937,7742
46,200066371,CC Causses et Vallée de la Dordogne,CC,FPU,77,47067,45392
46,200067361,CC Grand-Figeac,CC,FPU,92,45161,43499
46,244600433,CC de la Vallée du Lot et du Vignoble,CC,FPU,27,14909,14555
46,244600482,CC Quercy - Bouriane,CC,FPU,20,10620,10370
46,244600532,CC du Pays de Lalbenque-Limogne,CC,FA,23,8486,8301
46,244600573,CC du Causse de Labastide Murat,CC,FA,17,3959,3869
47,200023307,CA du Grand Villeneuvois,CA,FPU,19,49501,47909
47,200030674,CA Val de Garonne Agglomération,CA,FPU,43,62228,60229
47,200035459,CA d'Agen,CA,FPU,31,99176,96660
47,200036523,CC des Bastides en Haut Agenais Périgord,CC,FPU,43,17495,17110
47,200036572,CC Porte d'Aquitaine en Pays de Serres,CC,FA,13,5401,5316
47,200068922,CC du Confluent et des Coteaux de Prayssas,CC,FA,29,18789,18319
47,200068930,CC Fumel Vallée du Lot,CC,FPU,27,25014,24458
47,200068948,CC Albret Communauté,CC,FA,33,27383,26307
47,244700449,CC du Pays de Duras,CC,FA,17,5839,5712
47,244700464,CC du Pays de Lauzun,CC,FA,20,10836,10515
47,244701355,CC des Coteaux et Landes de Gascogne,CC,FPU,27,12733,12492
47,244701405,CC Lot et Tolzac,CC,FA,15,7443,7299
48,200006930,CC du Haut Allier,CC,FPU,10,5443,5189
48,200069102,CC Randon - Margeride,CC,FPU,15,5482,5364
48,200069128,CC Mont Lozère,CC,FPU,21,5641,5444
48,200069136,CC des Cévennes au Mont Lozère,CC,FPU,19,5299,5089
48,200069144,CC des Hautes Terres de l'Aubrac,CC,FPU,17,5270,5114
48,200069151,CC Gorges Causses Cévennes,CC,FPU,17,7353,7041
48,200069185,CC des Terres d'Apcher-Margeride-Aubrac,CC,FPU,20,11417,10623
48,200069268,CC Aubrac Lot Causses Tarn,CC,FA,15,8191,7945
48,244800405,CC Coeur de Lozère,CC,FPU,7,16108,15124
48,244800470,CC du Gévaudan,CC,FPU,12,10284,9834
49,200060010,CA Mauges Communauté,CA,FPU,6,123972,121088
49,200068955,CC Anjou Loir et Sarthe,CC,FPU,17,28100,27690
49,200071553,CC Loire Layon Aubance,CC,FPU,19,57576,56223
49,200071678,CA Agglomération du Choletais,CA,FPU,26,106711,103493
49,200071868,CC des Vallées du Haut-Anjou,CC,FPU,16,36918,36126
49,200071876,CA Saumur Val de Loire,CA,FPU,45,103473,99961
49,244900015,CU Angers Loire Métropole,CU,FPU,29,302001,293701
49,244900809,CC Anjou Bleu Communauté,CC,FPU,11,36001,34679
49,244900882,CC Baugeois Vallée,CC,FPU,7,36201,35372
50,200042604,"CC de Granville, Terre et Mer",CC,FPU,32,46211,44464
50,200042729,CC de la Baie du Cotentin,CC,FPU,23,23998,23192
50,200043354,CC de Villedieu Intercom,CC,FPU,27,16141,15736
50,200066389,CA Saint-Lô Agglo,CA,FPU,61,79055,75956
50,200067023,CC Coutances Mer et Bocage,CC,FPU,49,50606,48158
50,200067031,CC Côte Ouest Centre Manche,CC,FPU,30,22616,22078
50,200067205,CA du Cotentin,CA,FPU,129,185946,180794
50,200069425,CA Mont-Saint-Michel-Normandie,CA,FPU,95,91437,87984
51,200034718,"CC de Vitry, Champagne et Der",CC,FPU,35,25696,24988
51,200042620,CC de la Région de Suippes,CC,FPU,16,7993,7703
51,200042703,CC de l'Argonne Champenoise,CC,FPU,60,12410,12048
51,200042992,CC Perthois-Bocage et Der,CC,FA,25,5771,5681
51,200043438,CC de la Moivre à la Coole,CC,FA,28,10093,9600
51,200066835,CC de Sézanne-Sud Ouest Marnais,CC,FA,62,22175,21708
51,200066850,CC des Paysages de la Champagne,CC,FA,54,22125,21503
51,200066876,CA de Châlons-en-Champagne,CA,FPU,46,82601,80565
51,200067213,CU du Grand Reims,CU,FPU,143,300699,294674
51,200067379,CC Côtes de Champagne et Val de Saulx,CC,FPU,40,12251,11998
51,200067684,"CA Epernay, Coteaux et Plaine de Champagne",CA,FPU,47,49677,48451
51,245100615,CC de la Grande Vallée de la Marne,CC,FPU,14,15362,15097
51,245100888,CC de la Brie Champenoise,CC,FA,19,7608,7441
51,245100979,CC du Sud Marnais,CC,FA,14,6216,6069
52,200027308,CC d'Auberive Vingeanne et Montsaugeonnais,CC,FA,51,8614,8440
52,200044253,CC du Bassin de Joinville en Champagne,CC,FPU,59,13159,12866
52,200068658,CA de Chaumont du Bassin Nogentais et du Bassin de Bologne Vignory Froncles,CA,FPU,63,47411,45435
52,200068666,CA de Saint-Dizier Der et Blaise,CA,FPU,60,60511,58981
52,200069664,CC Meuse Rognon,CC,FA,59,11392,11102
52,200070332,CC des Savoir-Faire,CC,FPU,63,16083,15638
52,200072999,CC du Grand Langres,CC,FPU,54,22007,21156
52,245200597,CC des Trois Forêts,CC,FA,29,7854,7707
53,200033298,CC des Coëvrons,CC,FPU,31,28164,27555
53,200042182,CC du Mont des Avaloirs,CC,FPU,26,16815,16411
53,200048551,CC du Pays de Craon,CC,FPU,37,29430,28720
53,200055887,CC Mayenne Communauté,CC,FPU,33,38220,36792
53,200083392,CA Laval Agglomération,CA,FPU,34,117515,112937
53,245300223,CC du Pays de Meslay-Grez,CC,FPU,22,14341,14033
53,245300355,CC de l'Ernée,CC,FPU,15,21435,21025
53,245300389,CC du Bocage Mayennais,CC,FPU,27,19659,19199
53,245300447,CC du Pays de Château-Gontier,CC,FPU,16,31400,30274
54,200035772,CC du Pays du Saintois,CC,FA,55,14694,14481
54,200041515,CC du Bassin de Pont-à-Mousson,CC,FPU,31,40960,40401
54,200043693,CC Terre Lorraine du Longuyonnais,CC,FA,27,15854,15567
54,200067643,CC Meurthe Mortagne Moselle,CC,FA,37,17036,16803
54,200069433,CC de Vezouze en Piémont,CC,FA,51,12058,11834
54,200070290,CC Coeur du Pays Haut,CC,FPU,25,23801,23307
54,200070324,CC du Territoire de Lunéville à Baccarat,CC,FPU,43,42969,41927
54,200070563,CC Terres Touloises,CC,FPU,41,45551,44646
54,200070589,CC de Seille et Grand Couronné,CC,FPU,42,18890,18624
54,200070738,CC Mad et Moselle,CC,FPU,48,20531,20183
54,200070845,CC Orne Lorraine Confluences,CC,FPU,41,54191,53134
54,245400171,CC Moselle et Madon,CC,FPU,19,29335,28837
54,245400189,CC des Pays du Sel et du Vermois,CC,FA,16,29737,29320
54,245400262,CA de Longwy,CA,FPU,21,62399,61223
54,245400510,CC du Pays de Colombey et du Sud Toulois,CC,FPU,38,11634,11449
54,245400601,CC du Bassin de Pompey,CC,FPU,13,41075,40578
54,245400676,Métropole du Grand Nancy,METRO,FPU,20,261985,256610
54,245400759,CC du Pays du Sanon,CC,FA,28,6089,6005
55,200033025,CA de Bar-le-Duc - Sud Meuse,CA,FPU,33,36577,35222
55,200034874,CC Côtes de Meuse Woëvre,CC,FA,25,6196,6011
55,200049187,CA du Grand Verdun,CA,FPU,25,29910,28434
55,200066108,CC des Portes de Meuse,CC,FPU,51,17343,16919
55,200066116,CC Argonne-Meuse,CC,FA,38,7408,7252
55,200066132,CC du Pays de Stenay et du Val Dunois,CC,FPU,41,10280,9966
55,200066140,CC de l'Aire à l'Argonne,CC,FA,47,6746,6579
55,200066157,CC de Commercy - Void - Vaucouleurs,CC,FA,54,23372,22749
55,200066165,CC Val de Meuse - Voie Sacrée,CC,FPU,25,9343,9145
55,200066173,CC de Damvillers Spincourt,CC,FPU,41,8541,8347
55,245500327,CC du Sammiellois,CC,FA,19,8879,8693
55,245501176,CC du Territoire de Fresnes en Woëvre,CC,FA,32,5001,4886
55,245501184,CC du Pays de Revigny sur Ornain,CC,FPU,16,7514,7318
55,245501242,CC du Pays d'Etain,CC,FA,26,7893,7739
55,245501259,CC du Pays de Montmédy,CC,FA,25,7396,7190
56,200027027,CC Arc Sud Bretagne,CC,FPU,12,27767,27221
56,200042174,CA Lorient Agglomération,CA,FPU,25,207857,202494
56,200043123,CC Auray Quiberon Terre Atlantique,CC,FPU,24,88628,86301
56,200066777,CC Ploërmel Communauté,CC,FPU,30,43823,42168
56,200066785,CC de l'Oust à Brocéliande,CC,FPU,26,40135,39077
56,200067221,CC Centre Morbihan Communauté,CC,FPU,18,43793,42645
56,200067932,CA Golfe du Morbihan - Vannes Agglomération,CA,FPU,34,171960,166661
56,245600440,CC de Blavet Bellevue Océan,CC,FA,5,18338,17872
56,245600465,CC de Belle Ile en Mer,CC,FPU,4,5532,5396
56,245614383,CC Questembert Communauté,CC,FPU,13,23866,23209
56,245614417,CC Roi Morvan Communauté,CC,FPU,21,25880,24936
56,245614433,CC Pontivy Communauté,CC,FPU,25,47933,46027
57,200039865,Metz Métropole,METRO,FPU,44,226287,222146
57,200039907,CC du Sud Messin,CC,FPU,34,16517,16065
57,200039949,CC Rives de Moselle,CC,FPU,20,52189,51388
57,200067486,CC Bouzonvillois-Trois Frontières,CC,FPU,42,25648,25131
57,200067502,CA Saint-Avold Synergie,CA,FPU,41,54561,53373
57,200067650,CC Houve-Pays Boulageois,CC,FPU,37,23588,23221
57,200067957,CC Haut Chemin-Pays de Pange,CC,FPU,28,19682,19083
57,200068146,CC Sarrebourg Moselle Sud,CC,FPU,76,46508,45459
57,200069441,CC du Pays de Bitche,CC,FPU,46,35428,34531
57,200070746,CA Sarreguemines Confluences,CA,FPU,38,66726,65342
57,245700133,CC du District Urbain de Faulquemont (DUF),CC,FPU,33,25122,24682
57,245700372,CA de Forbach Porte de France,CA,FPU,21,79237,77984
57,245700398,CC de Freyming-Merlebach,CC,FPU,11,32757,32281
57,245700695,CC de Cattenom et Environs,CC,FPU,20,26224,25693
57,245700950,CC du Pays de Phalsbourg,CC,FPU,26,18134,17611
57,245701164,CC du Warndt,CC,FPU,5,18385,18053
57,245701206,CC du Saulnois,CC,FA,128,30199,29212
57,245701222,CA du Val de Fensch,CA,FPU,10,71065,70307
57,245701271,CC du Pays Orne Moselle,CC,FPU,13,54282,53726
57,245701354,CC de l'Arc Mosellan,CC,FPU,26,34992,34422
57,245701362,CA Portes de France-Thionville,CA,FPU,13,80823,79372
57,245701404,CC du Pays Haut Val d'Alzette,CC,FPU,8,28624,28273
58,200067429,CC Haut Nivernais-Val d'Yonne,CC,FA,30,13324,12655
58,200067692,CC Tannay-Brinon-Corbigny,CC,FPU,58,10306,9902
58,200067700,CC Sud Nivernais,CC,FPU,20,21988,21405
58,200067882,CC Bazois Loire Morvan,CC,FPU,46,15954,15671
58,200067890,CC Morvan Sommets et Grands Lacs,CC,FA,34,13193,12620
58,200067908,CC Amognes Coeur du Nivernais,CC,FPU,28,8932,8687
58,200067916,"CC Loire, Vignobles et Nohain",CC,FPU,30,26522,25755
58,200068088,CC Les Bertranges,CC,FA,32,20793,20441
58,245801063,CC Loire et Allier,CC,FPU,6,7447,7194
58,245804406,CA de Nevers,CA,FPU,13,68680,65942
58,245804497,CC du Nivernais Bourbonnais,CC,FPU,9,5668,5574
59,200030633,CA du Caudrésis et du Catésis,CA,FPU,46,65727,64906
59,200040947,CC de Flandre Intérieure,CC,FPU,50,104198,102169
59,200040954,CC des Hauts de Flandre,CC,FPU,40,54566,53422
59,200041960,CC Pévèle-Carembault,CC,FPU,38,96703,94663
59,200042190,CA de la Porte du Hainaut,CA,FPU,47,160249,158789
59,200043263,CC Coeur de l'Avesnois,CC,FPU,43,30997,30446
59,200043321,CC du Pays de Mormal,CC,FPU,53,49337,48473
59,200043396,CA Maubeuge Val de Sambre,CA,FPU,43,127193,125671
59,200043404,CC du Sud Avesnois,CC,FPU,12,26234,25782
59,200044618,CA du Douaisis (CAD),CA,FPU,35,151307,148910
59,200068500,CA de Cambrai,CA,FPU,55,83517,82083
59,245900410,Métropole Européenne de Lille,METRO,FPU,90,1157276,1143572
59,245900428,CU de Dunkerque,CU,FPU,17,201332,198341
59,245900758,CC Flandre Lys,CC,FPU,8,40140,39541
59,245901038,CC du Pays Solesmois,CC,FPU,15,15296,15056
59,245901061,CC de la Haute Deûle,CC,FPU,5,24654,24412
59,245901152,CC Coeur d'Ostrevent (CCCO),CC,FPU,20,72119,71195
59,245901160,CA Valenciennes Métropole,CA,FPU,35,194673,192471
60,200066975,CC Senlis Sud Oise,CC,FPU,17,25107,24043
60,200067965,CA de la Région de Compiègne et de la Basse Automne,CA,FPU,22,84953,82180
60,200067973,CC Thelloise,CC,FPU,40,61207,60091
60,200067999,CA du Beauvaisis,CA,FPU,53,104563,101874
60,200068005,CC de l'Oise Picarde,CC,FPU,52,21753,21293
60,200068047,CA Creil Sud Oise,CA,FPU,11,87556,86331
60,246000129,CC du Liancourtois,CC,FPU,10,23934,23562
60,246000376,CC du Clermontois,CC,FPU,19,38340,37378
60,246000566,CC du Plateau Picard,CC,FPU,52,30847,30311
60,246000582,CC des Sablons,CC,FPU,20,38884,38341
60,246000707,CC du Vexin-Thelle,CC,FPU,37,20721,20302
60,246000749,CC des Lisières de l'Oise,CC,FPU,20,16936,16347
60,246000756,CC du Pays Noyonnais,CC,FPU,42,33871,33114
60,246000764,CC de l'Aire Cantilienne,CC,FA,11,46079,44643
60,246000772,CC des Deux Vallées,CC,FA,16,23515,22896
60,246000848,CC de la Picardie Verte,CC,FA,88,33665,33052
60,246000855,CC du Pays des Sources,CC,FA,48,22668,22083
60,246000871,CC du Pays de Valois,CC,FPU,62,56676,55570
60,246000897,CC de la Plaine d'Estrées,CC,FPU,19,18170,17728
60,246000913,CC du Pays de Bray,CC,FPU,23,18731,18369
60,246000921,CC des Pays d'Oise et d'Halatte,CC,FPU,17,34628,34034
61,200035103,CC de la Vallée de la Haute Sarthe,CC,FA,31,8033,7853
61,200035111,CC des Sources de l'Orne,CC,FPU,23,12723,12076
61,200035814,CA Flers Agglo,CA,FPU,42,56064,54255
61,200036069,CC du Pays de Mortagne au Perche,CC,FA,33,14483,13918
61,200068435,CC Coeur du Perche,CC,FPU,12,11843,11566
61,200068443,CC Andaine - Passais,CC,FPU,12,13635,13255
61,200068450,CC Argentan Intercom,CC,FPU,49,35206,34078
61,200068468,CC des Pays de L'Aigle,CC,FPU,32,26743,26117
61,200068856,CC des Hauts du Perche,CC,FPU,10,8520,8352
61,200069458,CC des Vallées d'Auge et du Merlerault,CC,FPU,46,15406,14973
61,200071504,CC des Collines du Perche Normand,CC,FPU,16,12989,12690
61,200071520,CC Domfront Tinchebray Interco,CC,FPU,15,16530,16155
61,200071652,CC du Pays Fertois et du Bocage Carrougien,CC,FA,19,5114,5001
61,246100390,CC du Val d'Orne,CC,FA,17,6142,5751
61,246100663,CU d'Alençon,CU,FPU,31,58699,56511
62,200018083,CC de Desvres-Samer,CC,FPU,31,23419,22852
62,200033579,CU d'Arras,CU,FPU,46,110005,107608
62,200035442,CC du Sud-Artois,CC,FPU,64,28266,27589
62,200044030,CC des 7 Vallées,CC,FPU,69,30420,29764
62,200044048,CC Osartis Marquion,CC,FPU,49,42442,41920
62,200069029,CA des Deux Baies en Montreuillois,CA,FPU,46,68207,66584
62,200069037,CA du Pays de Saint-Omer,CA,FPU,53,108196,105351
62,200069235,CC du Haut Pays du Montreuillois,CC,FPU,49,16483,15770
62,200069482,CC des Campagnes de l'Artois,CC,FPU,96,34602,33544
62,200069672,CC du Ternois,CC,FPU,103,39172,38395
62,200072460,"CA de Béthune-Bruay, Artois-Lys Romane",CA,FPU,100,281262,277812
62,200072478,CC Pays d'Opale,CC,FPU,27,28194,27827
62,246200299,CA d'Hénin-Carvin,CA,FPU,14,126414,125453
62,246200364,CA de Lens - Liévin,CA,FPU,36,244709,242386
62,246200380,CC de la Terre des Deux Caps,CC,FA,21,22459,22134
62,246200729,CA du Boulonnais,CA,FPU,22,116658,114762
62,246200844,CC de la Région d'Audruicq,CC,FA,15,27501,27090
62,246201016,CC du Pays de Lumbres,CC,FPU,36,24682,24257
62,246201149,CA du Calaisis,CA,FPU,10,104918,103575
63,200067627,CC Billom Communauté,CC,FPU,25,26076,25512
63,200069169,CC Dômes Sancy Artense,CC,FPU,26,12653,12241
63,200069177,CC Mond'Arverne Communauté,CC,FPU,28,40987,40101
63,200070407,CA Agglo Pays d'Issoire,CA,FPU,88,57403,55727
63,200070712,CC Thiers Dore et Montagne,CC,FPU,30,38428,37460
63,200070753,CA Riom Limagne et Volcans,CA,FPU,31,68500,66628
63,200070761,CC Ambert Livradois Forez,CC,FPU,58,28446,27606
63,200071199,CC Plaine Limagne,CC,FPU,25,21494,21019
63,200071215,CC Chavanon Combrailles et Volcans,CC,FPU,36,13224,12762
63,200072080,CC du Pays de Saint-Eloy,CC,FPU,34,16625,16050
63,200072098,CC Combrailles Sioule et Morge,CC,FPU,29,19098,18705
63,246300701,Clermont Auvergne Métropole,METRO,FPU,21,295358,288435
63,246300966,CC du Massif du Sancy,CC,FPU,20,9869,9637
63,246301097,CC Entre Dore et Allier,CC,FPU,14,19249,18861
64,200039204,CC de Lacq-Orthez,CC,FPU,61,55117,53388
64,200067106,CA du Pays Basque,CA,FPU,158,315349,306306
64,200067239,CC des Luys en Béarn,CC,FPU,66,29067,28191
64,200067254,CA Pau Béarn Pyrénées,CA,FPU,31,166399,162012
64,200067262,CC du Haut Béarn,CC,FPU,48,33587,32377
64,200067288,CC du Béarn des Gaves,CC,FPU,53,18331,17593
64,200067296,CC du Nord Est Béarn,CC,FPU,73,34837,33968
64,246400337,CC de la Vallée d'Ossau,CC,FPU,18,10047,9818
64,246401756,CC Pays de Nay,CC,FPU,29,29782,28598
65,200069300,CA Tarbes-Lourdes-Pyrénées,CA,FPU,86,126088,122365
65,200070787,CC du Plateau de Lannemezan,CC,FA,57,18380,17886
65,200070795,CC du Pays de Trie et du Magnoac,CC,FA,50,7356,6969
65,200070803,CC des Coteaux du Val d'Arros,CC,FA,53,11508,11265
65,200070811,CC Pyrénées Vallées des Gaves,CC,FPU,46,16054,15471
65,200070829,CC Neste Barousse,CC,FA,43,7426,7247
65,200072106,CC Adour Madiran,CC,FPU,72,25177,24463
65,246500482,CC de la Haute-Bigorre,CC,FPU,25,17792,16955
65,246500573,CC Aure Louron,CC,FA,46,7113,6943
66,200027183,CU Perpignan Méditerranée Métropole,CU,FPU,36,272800,268581
66,200043602,"CC des Albères, de la Côte Vermeille et de l'Illibéris",CC,FPU,15,56061,55283
66,200049211,CC Conflent-Canigó,CC,FPU,47,21511,20850
66,200070365,CC Corbières Salanque Méditerranée,CC,FPU,21,21937,21697
66,246600282,CC Sud-Roussillon,CC,FPU,6,23182,22767
66,246600373,CC du Vallespir,CC,FPU,10,21133,20692
66,246600399,CC Pyrénées Cerdagne,CC,FPU,19,9064,8705
66,246600415,CC Roussillon-Conflent,CC,FPU,16,18621,18353
66,246600423,CC Agly Fenouillèdes,CC,FPU,22,6015,5947
66,246600449,CC des Aspres,CC,FPU,19,21349,20996
66,246600464,CC Pyrénées Catalanes,CC,FPU,19,6301,5973
66,246600548,CC du Haut Vallespir,CC,FPU,14,9872,9726
67,200013050,CC Sauer-Pechelbronn,CC,FPU,24,17924,17391
67,200030526,CC du Ried de Marckolsheim,CC,FA,18,20396,20134
67,200034270,CC du Pays de Barr,CC,FPU,20,24640,24063
67,200034635,CC du Kochersberg,CC,FPU,23,25419,24985
67,200040178,CC de l'Outre-Forêt,CC,FA,13,16389,16157
67,200041283,CC de la Plaine du Rhin,CC,FA,19,18700,18414
67,200041325,CC du Pays Rhénan,CC,FPU,17,36884,36463
67,200067783,CC de Hanau-La Petite Pierre,CC,FPU,38,27459,27032
67,200067841,CC de l'Alsace Bossue,CC,FA,45,25279,24763
67,200067874,CA de Haguenau,CA,FPU,36,97095,95800
67,200067924,CC du Canton d'Erstein,CC,FPU,28,48482,47740
67,200068112,CC du Pays de Saverne,CC,FPU,35,36394,35633
67,200068864,CC de la Mossig et du Vignoble,CC,FPU,24,24899,24511
67,246700306,CC de la Vallée de la Bruche,CC,FPU,26,21668,21203
67,246700488,Eurométropole de Strasbourg,METRO,FPU,33,498227,491409
67,246700744,CC des Portes de Rosheim,CC,FPU,9,18275,17882
67,246700777,CC de la Vallée de Villé,CC,FPU,18,11211,10942
67,246700843,CC de la Basse-Zorn,CC,FA,7,17410,17189
67,246700926,CC du Pays de Wissembourg,CC,FA,12,16583,16169
67,246700959,CC du Pays de la Zorn,CC,FPU,20,16092,15900
67,246700967,CC de Sélestat,CC,FA,12,37059,36424
67,246701064,CC de la Région de Molsheim-Mutzig,CC,FA,18,40628,40037
67,246701080,CC du Pays de Sainte-Odile,CC,FPU,6,18597,17971
67,246701098,CC du Pays de Niederbronn-les-Bains,CC,FPU,13,23709,23359
68,200036465,CC de Thann-Cernay,CC,FPU,16,38558,37806
68,200066009,CA Mulhouse Alsace Agglomération,CA,FPU,39,277180,272712
68,200066025,CC Pays Rhin - Brisach,CC,FPU,29,33580,33064
68,200066033,CC Sud Alsace Largue,CC,FPU,44,22657,22272
68,200066041,CC Sundgau,CC,FPU,64,48664,47521
68,200066058,CA Saint-Louis Agglomération,CA,FPU,40,79711,78300
68,246800205,CC de la Vallée de Saint-Amarin,CC,FPU,15,12687,12483
68,246800395,CC du Val d'Argent,CC,FPU,4,9771,9571
68,246800445,CC du Centre du Haut-Rhin,CC,FPU,9,15541,15361
68,246800494,"CC du Pays de Rouffach, Vignobles et Châteaux",CC,FA,11,13749,13262
68,246800551,CC de la Vallée de Kaysersberg,CC,FPU,8,17088,16680
68,246800569,CC de la Région de Guebwiller,CC,FPU,19,39063,38208
68,246800577,CC du Pays de Ribeauvillé,CC,FPU,16,18638,18195
68,246800585,CC de la Vallée de Munster,CC,FPU,16,16591,16228
68,246800676,CC de la Vallée de la Doller et du Soultzbach,CC,FPU,15,16618,16247
68,246800726,CA Colmar Agglomération,CA,FPU,20,116814,114022
69,200040566,CA de l'Ouest Rhodanien,CA,FPU,31,51863,50606
69,200040574,CC Beaujolais Pierres Dorées,CC,FPU,32,53111,51870
69,200040590,CA Villefranche Beaujolais Saône,CA,FPU,18,74752,73257
69,200046977,Métropole de Lyon,MET69,FPU,59,1400134,1381249
69,200066587,CC des Monts du Lyonnais,CC,FPU,32,36126,35093
69,200067817,CC Saône-Beaujolais,CC,FPU,35,44896,43868
69,246900575,CC de l'Est Lyonnais (CCEL),CC,FPU,8,41019,40443
69,246900625,CC du Pays de l'Arbresle (CCPA),CC,FPU,17,38336,37282
69,246900724,CC des Vallons du Lyonnais (CCVL),CC,FPU,8,29804,29143
69,246900740,CC du Pays Mornantais (COPAMO),CC,FPU,11,29002,28310
69,246900757,CC de la Vallée du Garon (CCVG),CC,FPU,5,31019,30450
69,246900765,CC du Pays de l'Ozon,CC,FPU,7,25971,25574
70,200036150,CC des Hauts du Val de Saône,CC,FPU,48,8931,8694
70,200036549,CC Val de Gray,CC,FPU,48,21328,20535
70,200041721,CC de la Haute Comté,CC,FPU,38,18703,18120
70,200041853,CC du Pays de Montbozon et du Chanois,CC,FPU,27,6786,6559
70,200041861,CC du Triangle Vert,CC,FPU,42,11274,11048
70,200041879,CC Terres de Saône,CC,FPU,38,13621,13343
70,200041887,CC du Val Marnaysien,CC,FPU,45,14410,14190
70,247000011,CA de Vesoul,CA,FPU,20,33926,32350
70,247000367,CC des Combes,CC,FPU,27,7831,7663
70,247000623,CC des Quatre Rivières,CC,FPU,41,9905,9651
70,247000664,CC du Pays de Lure,CC,FPU,24,20190,19706
70,247000698,CC des Monts de Gy,CC,FA,25,6306,6152
70,247000706,CC du Pays Riolais,CC,FPU,33,12830,12524
70,247000714,CC du Pays de Villersexel,CC,FPU,34,8180,7934
70,247000722,CC du Pays d'Héricourt,CC,FPU,23,21530,21021
70,247000755,CC du Pays de Luxeuil,CC,FPU,15,15571,15072
70,247000821,CC Rahin et Chérimont,CC,FPU,9,12206,11983
70,247000854,CC des 1000 étangs,CC,FPU,25,8853,8641
71,200040038,CC Saône Doubs Bresse,CC,FPU,27,12455,12179
71,200040293,CC du Clunisois,CC,FPU,42,14438,13815
71,200042414,CC Bresse Revermont 71,CC,FA,17,10019,9865
71,200069698,CC Mâconnais - Tournugeois,CC,FPU,24,16442,15732
71,200070308,CA Mâconnais Beaujolais Agglomération,CA,FPU,39,79539,77129
71,200070316,"CC Entre Arroux, Loire et Somme",CC,FPU,30,23621,23051
71,200070530,CC du Grand Autunois Morvan,CC,FPU,55,38141,36298
71,200070548,CC La Clayette Chauffailles en Brionnais,CC,FPU,29,15676,15271
71,200071538,CC Terres de Bresse,CC,FPU,25,22628,22184
71,200071579,CC Bresse Louhannaise Intercom',CC,FPU,30,29196,28446
71,200071645,CC Saint Cyr Mère Boitier entre Charolais et Mâconnais,CC,FPU,16,8195,7932
71,200071884,CC Le Grand Charolais,CC,FPU,44,41905,40144
71,247100290,CU Le Creusot Montceau-les-Mines,CU,FPU,34,97135,95094
71,247100589,CA Le Grand Chalon,CA,FPU,51,118019,113920
71,247100639,CC de Marcigny,CC,FA,12,6453,6233
71,247100647,CC Bresse Nord Intercom',CC,FA,16,6674,6535
71,247103765,CC Entre Saône et Grosne,CC,FPU,23,11623,11346
71,247103864,CC du Canton de Semur en Brionnais,CC,FA,14,5335,5196
71,247104094,CC Sud Côte Chalonnaise,CC,FPU,36,11802,11479
72,200040475,CC Loué - Brûlon - Noyen,CC,FPU,29,18967,18565
72,200068963,CC Maine Coeur de Sarthe,CC,FPU,13,21549,21179
72,200070373,CC Loir-Lucé-Bercé,CC,FPU,24,24840,24113
72,200072676,CC Maine Saosnois,CC,FPU,51,28863,28298
72,200072684,CC Le Gesnois Bilurien,CC,FPU,23,31316,30806
72,200072692,CC des Vallées de la Braye et de l'Anille,CC,FPU,19,16053,15605
72,200072700,CC Haute Sarthe Alpes Mancelles,CC,FPU,38,23576,23156
72,200072718,CC de la Champagne Conlinoise et du Pays de Sillé,CC,FPU,24,19097,18681
72,200073112,CC Sud Sarthe,CC,FPU,19,23812,23320
72,247200090,CC de Sablé-sur-Sarthe,CC,FPU,17,29858,28937
72,247200132,CU Le Mans Métropole,CU,FA,19,210627,205113
72,247200348,CC du Pays Fléchois,CC,FPU,14,28632,27358
72,247200421,CC du Sud Est du Pays Manceau,CC,FPU,5,17691,17238
72,247200447,CC Orée de Bercé - Belinois,CC,FPU,8,19837,19467
72,247200629,CC du Val de Sarthe,CC,FPU,16,30999,30457
72,247200686,CC du Pays de l'Huisne Sarthoise,CC,FPU,33,29548,28767
73,200023299,CC Coeur de Tarentaise,CC,FA,6,9755,9167
73,200040798,CC Val Vanoise,CC,FA,9,9454,9199
73,200041010,CC Coeur de Savoie,CC,FPU,41,37381,36460
73,200068674,CA Grand Lac,CA,FPU,28,75951,74316
73,200068997,CA Arlysère,CA,FPU,39,62785,60768
73,200069110,CA du Grand Chambéry,CA,FPU,38,138223,133638
73,200070340,CC Haute Maurienne Vanoise,CC,FA,10,8922,8666
73,200070464,CC Coeur de Maurienne Arvan,CC,FPU,14,15341,14756
73,247300015,CC des Vallées d'Aigueblanche,CC,FA,3,7327,7131
73,247300254,CC de Haute-Tarentaise,CC,FA,8,16541,15920
73,247300262,CC de Yenne,CC,FPU,13,7259,7133
73,247300361,CC du Canton de La Chambre,CC,FPU,12,7546,7413
73,247300452,CC Maurienne Galibier,CC,FA,6,5791,5461
73,247300528,CC Val Guiers,CC,FPU,11,12443,12204
73,247300668,CC du Lac d'Aiguebelette (CCLA),CC,FPU,10,5892,5747
73,247300676,CC Porte de Maurienne,CC,FPU,11,6898,6795
73,247300817,CC Les Versants d'Aime,CC,FA,4,9820,9566
74,200000172,CC Faucigny-Glières,CC,FPU,7,28076,27146
74,200011773,CA Annemasse-Les Voirons-Agglomération,CA,FPU,12,90702,89099
74,200023372,CC de la Vallée de Chamonix-Mont-Blanc,CC,FPU,4,13541,13038
74,200033116,CC Cluses-Arve et Montagnes,CC,FPU,10,46886,45873
74,200034098,CC des Montagnes du Giffre,CC,FPU,8,12382,12079
74,200034882,CC Pays du Mont-Blanc,CC,FA,10,45574,43907
74,200066793,CA du Grand Annecy,CA,FPU,34,206835,200322
74,200067551,CA Thonon Agglomération,CA,FPU,25,89290,86983
74,200070852,CC Usses et Rhône,CC,FA,26,20855,20326
74,200071967,CC Pays d'Evian Vallée d'Abondance,CC,FPU,22,41391,40181
74,247400047,CC de la Vallée Verte,CC,FPU,8,7790,7593
74,247400112,CC du Pays de Cruseilles,CC,FPU,13,15659,15166
74,247400567,CC Fier et Usses,CC,FPU,7,15508,15111
74,247400583,CC Arve et Salève,CC,FPU,8,20270,19765
74,247400617,CC des Vallées de Thônes,CC,FPU,12,19124,18457
74,247400666,CC des Quatre Rivières,CC,FPU,11,19414,18929
74,247400682,CC du Haut-Chablais,CC,FPU,15,12937,12628
74,247400690,CC du Genevois,CC,FPU,17,45141,44185
74,247400724,CC du Pays Rochois,CC,FPU,9,28582,27787
74,247400740,CC Rumilly Terre de Savoie,CC,FPU,17,31775,31027
74,247400773,CC des sources du lac d'Annecy,CC,FPU,7,15643,15190
75,200054781,Métropole du Grand Paris,METRO,FPU,131,7090092,7026765
76,200010700,CA Caux Seine Agglo,CA,FPU,50,78505,77114
76,200023414,Métropole Rouen Normandie,METRO,FPU,71,499169,490001
76,200068534,CC Terroir de Caux,CC,FPU,79,38740,37995
76,200069722,CC interrégionale Aumale - Blangy-sur-Bresle,CC,FA,44,22320,21877
76,200069730,CC des 4 rivières,CC,FA,53,30613,29708
76,200069821,CA Fécamp Caux Littoral Agglomération,CA,FPU,33,40125,39319
76,200069839,CC de la Côte d'Albâtre,CC,FA,63,28770,28020
76,200069847,CC Plateau de Caux-Doudeville-Yerville,CC,FA,40,21372,21040
76,200070068,CC Communauté Bray-Eawy,CC,FA,46,26122,25302
76,200070449,CC inter-Caux-Vexin,CC,FPU,64,55265,54382
76,200084952,CU Le Havre Seine Métropole,CU,FPU,54,273568,269321
76,247600505,CC Campagne-de-Caux,CC,FPU,22,15314,15097
76,247600588,CC des Villes Soeurs,CC,FPU,28,38692,37890
76,247600604,CC de Londinières,CC,FA,16,5372,5300
76,247600620,CC Yvetot Normandie,CC,FPU,19,27801,26683
76,247600646,CC Caux - Austreberthe,CC,FA,9,25535,25031
76,247600729,CC Falaises du Talou,CC,FPU,24,24132,23591
76,247600786,CA de la Région Dieppoise,CA,FPU,16,48899,47223
77,200023125,CC Les Portes Briardes Entre Villes et Forêts,CC,FPU,5,46752,46199
77,200023240,CC Pays de Nemours,CC,FPU,21,30645,29929
77,200023919,CC Gâtinais Val de Loing,CC,FPU,20,19196,18857
77,200033090,CC Plaines et Monts de France,CC,FPU,20,24652,24372
77,200037133,CC du Provinois,CC,FPU,39,35852,34655
77,200040251,CC Bassée-Montois,CC,FA,42,24039,23467
77,200057958,CA Paris - Vallée de la Marne,CA,FPU,12,229203,227440
77,200070779,CC Brie des Rivières et Châteaux,CC,FPU,31,39445,38925
77,200072130,CA du Pays de Meaux,CA,FPU,22,98796,96291
77,200072346,CA du Pays de Fontainebleau,CA,FPU,26,70211,68352
77,200072544,CC des Deux Morin,CC,FPU,31,26826,26463
77,200072874,CC Val Briard,CC,FPU,21,27948,27633
77,200077055,CA Coulommiers Pays de Brie,CA,FPU,42,76700,75370
77,247700032,CC Moret Seine et Loing,CC,FPU,18,40103,39055
77,247700057,CA Melun Val de Seine,CA,FPU,20,133094,130998
77,247700065,CC du Pays de l'Ourcq,CC,FPU,22,18337,17849
77,247700107,CC Pays de Montereau,CC,FPU,21,43004,42129
77,247700339,CA Val d'Europe Agglomération,CA,FPU,7,36079,35711
77,247700438,CC Pays Créçois,CC,FPU,19,36752,36287
77,247700594,CA Marne et Gondoire,CA,FPU,20,105085,103782
77,247700644,CC l'Orée de la Brie,CC,FPU,4,27217,26714
77,247700701,CC Brie Nangissienne,CC,FPU,20,27871,27614
78,200033173,CC de la Haute Vallée de Chevreuse,CC,FA,10,25738,25177
78,200034130,CC Gally Mauldre,CC,FPU,11,22687,21844
78,200058519,CA Saint Germain Boucles de Seine,CA,FPU,19,341615,334123
78,200058782,CA de Saint Quentin en Yvelines,CA,FPU,12,232778,229369
78,200059889,CU Grand Paris Seine et Oise,CU,FPU,73,415647,410596
78,200071074,CC Les Portes de l'Ile de France,CC,FPU,18,22835,22554
78,200073344,CA Rambouillet Territoires,CA,FPU,36,80359,78443
78,247800550,CC du Pays Houdanais (CCPH),CC,FPU,36,29792,29261
78,247800584,CA Versailles Grand Parc (CAVGP),CA,FPU,18,270042,264484
78,247800618,CC Coeur d'Yvelines,CC,FPU,31,50521,49307
79,200040244,CA du Bocage Bressuirais,CA,FPU,33,75710,73449
79,200041317,CA du Niortais,CA,FPU,40,124588,120806
79,200041333,CC de Parthenay-Gâtine,CC,FPU,38,38989,37782
79,200041416,CC Airvaudais-Val du Thouet,CC,FPU,9,7055,6918
79,200041994,CC Haut Val de Sèvre,CC,FPU,19,30950,30203
79,200069748,CC Val de Gâtine,CC,FPU,31,21919,21473
79,200069755,CC Mellois en Poitou,CC,FPU,62,49491,48168
79,247900798,CC du Thouarsais,CC,FPU,24,36793,35944
80,200037059,CC de la Haute Somme (Combles - Péronne - Roisel),CC,FA,60,28547,27655
80,200070928,CC Terre de Picardie,CC,FA,43,18595,18341
80,200070936,CC Ponthieu-Marquenterre,CC,FPU,71,33878,33180
80,200070944,CC du Vimeu,CC,FA,25,23445,22955
80,200070951,CC du Territoire Nord Picardie,CC,FPU,65,32417,31606
80,200070969,CC Avre Luce Noye,CC,FA,47,22231,21827
80,200070977,CC du Grand Roye,CC,FA,62,26253,25873
80,200070985,CC de l'Est de la Somme,CC,FA,41,21015,20483
80,200070993,CA de la Baie de Somme,CA,FPU,43,50842,49575
80,200071181,CC Somme Sud-Ouest,CC,FA,119,39455,38755
80,200071223,CC Nièvre et Somme,CC,FPU,36,28670,28284
80,248000499,CC du Val de Somme,CC,FPU,33,26799,26476
80,248000531,CA Amiens Métropole,CA,FPU,39,183911,179958
80,248000747,CC du Pays du Coquelicot,CC,FPU,65,29090,28499
81,200034023,CC Tarn-Agout,CC,FPU,21,29343,28406
81,200034031,CC des Monts d'Alban et du Villefranchois,CC,FPU,14,6505,6356
81,200034049,CC Centre Tarn,CC,FPU,11,11207,10995
81,200034056,CC du Lautrécois et du Pays d'Agout,CC,FA,28,14890,14536
81,200034064,CC du Cordais et du Causse (4 C),CC,FPU,19,4756,4610
81,200040905,CC Carmausin-Ségala,CC,FPU,32,30250,29452
81,200066124,CA Gaillac-Graulhet,CA,FPU,61,74891,73228
81,200066553,CC des Monts de Lacaune et de la Montagne du Haut Languedoc,CC,FPU,20,8227,7997
81,200066561,CC Sidobre Vals et Plateaux,CC,FPU,16,13094,12777
81,248100158,CC du Sor et de l'Agout,CC,FPU,26,23491,22777
81,248100430,CA de Castres Mazamet,CA,FPU,14,80588,77849
81,248100497,CC Val 81,CC,FA,19,5686,5581
81,248100737,CA de l'Albigeois (C2A),CA,FPU,16,84680,81798
81,248100745,CC Thoré Montagne Noire,CC,FPU,9,5172,5081
82,200040418,CC du Pays de Serres en Quercy,CC,FA,22,8742,8578
82,200066322,CC Terres des Confluences,CC,FPU,22,41983,40829
82,200066652,CC Grand Sud Tarn et Garonne,CC,FPU,25,41930,41252
82,200066884,CC Quercy Vert-Aveyron,CC,FA,13,22335,21945
82,200067122,CC Coteaux et Plaines du Pays Lafrançaisain,CC,FPU,11,11254,10986
82,248200016,CC des Deux Rives,CC,FA,28,19254,18766
82,248200057,CC du Quercy Caussadais,CC,FA,19,20876,20277
82,248200065,CC de la Lomagne Tarn-et-Garonnaise,CC,FPU,31,10279,9946
82,248200099,CA Grand Montauban,CA,FPU,11,79428,77392
82,248200107,CC du Quercy Rouergue et des Gorges de l'Aveyron,CC,FPU,17,7808,7668
83,200004802,CC du Pays de Fayence,CC,FPU,9,28187,27684
83,200027100,CC Méditerranée Porte des Maures,CC,FPU,6,43800,43149
83,200035319,CA Var Esterel Méditerranée (CAVEM),CA,FPU,5,114877,113022
83,200036077,CC du Golfe de Saint-Tropez,CC,FPU,12,58463,57448
83,200040202,CC Provence Verdon,CC,FPU,15,22426,22109
83,200040210,CC Lacs et Gorges du Verdon,CC,FPU,16,9203,9067
83,200068104,CA de la Provence Verte,CA,FPU,28,100358,98371
83,248300394,CA Sud Sainte Baume,CA,FPU,9,62072,61073
83,248300410,CC de la Vallée du Gapeau,CC,FPU,5,30876,30409
83,248300493,CA Dracénoise,CA,FPU,23,110019,107622
83,248300543,Métropole Toulon-Provence-Méditerranée,METRO,FPU,12,439542,433221
83,248300550,CC Coeur du Var,CC,FPU,11,43451,42883
84,200000628,CC Rhône Lez Provence,CC,FPU,5,24502,24103
84,200035723,CC Ventoux Sud,CC,FPU,11,9564,9411
84,200040442,CA Luberon Monts de Vaucluse,CA,FPU,16,56156,55092
84,200040624,CC Pays d'Apt-Luberon,CC,FPU,25,30763,29951
84,200040681,CC Enclave des Papes-Pays de Grignan,CC,FPU,19,23598,22967
84,248400053,CA Ventoux-Comtat-Venaissin (COVE),CA,FPU,25,71153,69413
84,248400160,CC Aygues-Ouvèze en Provence (CCAOP),CC,FPU,8,19506,19077
84,248400236,CC du Pays Réuni d'Orange,CC,FPU,5,45829,44972
84,248400251,CA du Grand Avignon (COGA),CA,FPU,16,197746,193712
84,248400285,CC Territoriale Sud-Luberon,CC,FPU,16,25535,24814
84,248400293,CC des Sorgues du Comtat,CC,FPU,5,49245,48329
84,248400319,CC du Pays des Sorgues et des Monts de Vaucluse,CC,FPU,5,33960,33238
84,248400335,CC Vaison Ventoux,CC,FPU,19,17250,16840
85,200023778,CC du Pays de St Gilles-Croix-de-Vie,CC,FPU,14,48973,48056
85,200070233,"CC Terres de Montaigu, CC Montaigu-Rocheservière",CC,FPU,10,49284,48162
85,200071165,CA Les Sables d'Olonne Agglomération,CA,FPU,5,53622,51938
85,200071629,CC Challans-Gois Communauté,CC,FPU,11,47368,46206
85,200071900,CC Vendée Grand Littoral,CC,FPU,20,34117,33551
85,200071918,CC du Pays de Saint-Fulgent - Les Essarts,CC,FPU,10,28135,27571
85,200071934,CC du Pays de Fontenay-Vendée,CC,FPU,25,36459,35161
85,200072882,CC de Vie et Boulogne,CC,FPU,15,44170,43349
85,200073260,CC Sud Vendée Littoral,CC,FPU,44,56344,54824
85,248500191,CC de l'Ile de Noirmoutier,CC,FA,4,9642,9435
85,248500258,CC Océan Marais de Monts,CC,FPU,5,19529,19104
85,248500340,CC Pays de Chantonnay,CC,FPU,10,23058,22295
85,248500415,CC du Pays de la Châtaigneraie,CC,FPU,18,15995,15605
85,248500464,CC du Pays de Pouzauges,CC,FPU,10,23875,23267
85,248500530,CC du Pays des Achards,CC,FPU,9,18700,18438
85,248500563,"CC Vendée, Sèvre, Autise",CC,FPU,15,16682,16328
85,248500589,CA La Roche sur Yon - Agglomération,CA,FPU,13,99707,95416
85,248500621,CC du Pays des Herbiers,CC,FPU,8,30162,29466
85,248500662,CC du Pays de Mortagne,CC,FPU,11,28783,27636
86,200043628,CC des Vallées du Clain,CC,FPU,16,26765,26284
86,200069763,CC du Haut-Poitou,CC,FPU,27,42323,41624
86,200069854,CU du Grand Poitiers,CU,FPU,40,196844,191791
86,200070035,CC du Civraisien en Poitou,CC,FPU,36,28346,27468
86,200070043,CC Vienne et Gartempe,CC,FPU,55,40803,39557
86,248600413,CA Grand Châtellerault,CA,FPU,47,86819,84904
86,248600447,CC du Pays Loudunais,CC,FPU,45,25126,24441
87,200040814,CC Briance Sud Haute Vienne,CC,FPU,11,9302,9147
87,200059400,CC Porte Océane du Limousin,CC,FPU,13,26424,25637
87,200066512,CC Elan Limousin Avenir Nature,CC,FPU,24,28304,27888
87,200066520,CC Ouest Limousin,CC,FPU,16,11872,11530
87,200070506,CC Pays de Nexon Monts de Chalus,CC,FPU,15,13358,13133
87,200071942,CC Haut Limousin en Marche,CC,FPU,40,24184,23435
87,248700189,CC du Pays de Saint Yrieix,CC,FPU,9,12622,12087
87,248719262,CC Gartempe - Saint Pardoux,CC,FPU,6,5329,5242
87,248719288,CC du Val de Vienne,CC,FPU,9,16383,16063
87,248719312,CU Limoges Métropole,CU,FPU,20,212161,207986
87,248719338,CC Briance-Combade,CC,FPU,10,5618,5483
87,248719353,CC des Portes de Vassivière,CC,FPU,12,5691,5610
87,248719361,CC de Noblat,CC,FPU,12,12254,12020
88,200005957,CC de la Région de Rambervillers,CC,FA,30,13785,13283
88,200033868,CC des Ballons des Hautes-Vosges,CC,FA,8,15684,15306
88,200042000,CC Bruyères-Vallons des Vosges,CC,FPU,34,15691,15321
88,200068369,CC de Mirecourt Dompaire,CC,FPU,76,20152,19318
88,200068377,CC de la Porte des Vosges Méridionales,CC,FPU,10,30624,29627
88,200068559,CC de l'Ouest Vosgien,CC,FPU,70,24267,23534
88,200068682,CC Terre d'Eau,CC,FA,45,18834,18076
88,200068757,CA d'Epinal,CA,FPU,78,115386,111367
88,200068773,CC des Vosges côté Sud Ouest,CC,FPU,60,12595,12195
88,200071066,CA de Saint-Dié-des-Vosges,CA,FPU,77,77932,75669
88,200071157,CC des Hautes Vosges,CC,FA,22,37772,36328
89,200039642,CC Le Tonnerrois en Bourgogne,CC,FPU,52,17106,16475
89,200039709,CC du Serein,CC,FPU,35,7685,7497
89,200039758,"CC Avallon, Vézelay, Morvan",CC,FPU,48,19823,19217
89,200067080,CC Chablis Villages et Terroirs,CC,FPU,36,15552,15203
89,200067114,CA de l'Auxerrois,CA,FPU,29,71444,68187
89,200067130,CC de Puisaye-Forterre,CC,FPU,57,35968,35068
89,200067304,CC Serein et Armance,CC,FA,29,24882,24315
89,248900334,CA du Grand Sénonais,CA,FPU,27,60379,58729
89,248900383,CC de l'Agglomération Migennoise,CC,FPU,8,15311,15017
89,248900524,CC de l'Aillantais,CC,FPU,13,10665,10425
89,248900664,CC de la Vanne et du Pays d'Othe,CC,FA,22,8925,8722
89,248900748,CC du Gâtinais en Bourgogne,CC,FPU,26,17798,17453
89,248900896,CC Yonne Nord,CC,FPU,23,25040,24568
89,248900938,CC du Jovinien,CC,FPU,19,22401,21639
90,200069052,CA Grand Belfort,CA,FPU,52,107435,105041
90,200069060,CC des Vosges du Sud,CC,FPU,22,15900,15438
90,249000241,CC du Sud Territoire,CC,FPU,27,24012,23610
91,200017846,CA Etampois Sud Essonne,CA,FPU,37,54511,53608
91,200056232,CA Communauté Paris-Saclay,CA,FPU,27,318308,312888
91,200057859,CA Coeur d'Essonne Agglomération,CA,FPU,21,199132,196960
91,200058477,CA Val d'Yerres Val de Seine,CA,FPU,9,179331,177491
91,200059228,CA Grand Paris Sud Seine Essonne Sénart,CA,FPU,23,355686,351608
91,249100074,CC du Pays de Limours (CCPL),CC,FPU,14,27383,26882
91,249100157,CC des 2 Vallées,CC,FPU,15,18927,18613
91,249100546,CC du Val d'Essonne (CCVE),CC,FPU,21,60684,59561
91,249100553,CC Entre Juine et Renarde (CCEJR),CC,FPU,16,27850,27440
91,249100595,CC le Dourdannais en Hurepoix (CCDH),CC,FPU,11,26758,26333
95,200035970,CC Vexin Centre,CC,FPU,34,25314,24918
95,200055655,CA Roissy Pays de France,CA,FPU,42,353428,350406
95,200056380,CA Plaine Vallée,CA,FPU,18,184322,182034
95,200058485,CA Val Parisis,CA,FPU,15,276313,272890
95,200073013,CC Carnelle Pays-de-France,CC,FA,19,32097,31724
95,249500109,CA de Cergy-Pontoise,CA,FPU,13,208006,204804
95,249500430,CC Sausseron Impressionnistes,CC,FPU,15,19782,19428
95,249500455,CC de la Vallée de l'Oise et des Trois Forêts,CC,FA,9,39462,38864
95,249500489,CC du Haut Val d'Oise,CC,FPU,9,38498,38172
95,249500513,CC du Vexin-Val de Seine,CC,FPU,26,16945,16629
971,200018653,CA CAP Excellence,CA,FPU,3,102354,101163
971,200041507,CA La Riviéra du Levant,CA,FPU,4,66337,65471
971,200044691,CA du Nord Grande Terre,CA,FPU,5,58988,58267
971,249710047,CC de Marie-Galante,CC,FPU,3,11102,10867
971,249710062,CA du Nord Basse-Terre,CA,FPU,6,79657,78179
971,249710070,CA Grand Sud Caraïbe,CA,FPU,11,81732,80163
972,200041788,CA du Pays Nord Martinique,CA,FPU,18,103151,101863
972,249720053,CA de l'Espace Sud de la Martinique,CA,FPU,12,119455,117168
972,249720061,CA du Centre de la Martinique,CA,FPU,4,159688,157449
973,200027548,CC des Savanes,CC,FPU,4,31707,31437
973,249730037,CC de l'Ouest Guyanais,CC,FPU,8,93674,92995
973,249730045,CA du Centre Littoral,CA,FPU,6,139348,137964
973,249730052,CC de l'Est Guyanais,CC,FPU,4,7100,6956
974,249740077,CA CIVIS (Communauté Intercommunale des VIlles Solidaires),CA,FPU,6,182868,180729
974,249740085,CA du Sud,CA,FPU,4,128783,127041
974,249740093,CA Intercommunale de la Réunion Est (CIREST),CA,FPU,6,128017,126777
974,249740101,CA Territoire de la Côte Ouest (TCO),CA,FPU,5,216765,214073
974,249740119,CA Intercommunale du Nord de la Réunion (CINOR),CA,FPU,3,206381,204304
976,200050532,CC de Petite-Terre,CC,FPU,2,30039,29273
976,200059871,CC du Centre-Ouest,CC,FPU,5,51449,50020
976,200060457,CA de Dembeni / Mamoudzou,CA,FPU,2,89090,87285
976,200060465,CC du Nord de Mayotte,CC,FPU,4,60372,59042
976,200060473,CC du Sud,CC,FPU,4,31945,30898
2A,200038958,CC de la Pieve de l'Ornano,CC,FA,28,12408,12199
2A,200040764,CC du Sud Corse,CC,FPU,7,21228,20848
2A,200067049,CC Spelunca-Liamone,CC,FA,33,7727,7591
2A,242000495,CC de l'Alta Rocca,CC,FPU,18,8621,8467
2A,242000503,CC Celavu-Prunelli,CC,FPU,10,8776,8580
2A,242010056,CA du Pays Ajaccien,CA,FPU,10,86418,85103
2A,242010130,CC du Sartenais Valinco Taravo,CC,FPU,18,11780,11515
2B,200015162,CC de l'Oriente,CC,FA,22,6171,6089
2B,200033827,CC de Fium'Orbu Castellu,CC,FA,13,13136,12924
2B,200034205,CC de la Costa Verde,CC,FA,23,10337,10212
2B,200036499,CC de Marana-Golo,CC,FA,10,24052,23720
2B,200042943,CC du Cap Corse,CC,FA,18,6923,6804
2B,200073104,CC de l'Ile-Rousse - Balagne,CC,FPU,22,10694,10457
2B,200073120,CC Nebbiu - Conca d'Oro,CC,FA,15,7321,7192
2B,200073138,CC Pasquale Paoli,CC,FA,42,6304,6231
2B,200073252,CC de la Castagniccia-Casinca,CC,FA,42,12575,12433
2B,242000354,CA de Bastia,CA,FPU,5,59494,58427
2B,242020071,CC du Centre Corse,CC,FA,10,9898,9736
2B,242020105,CC de Calvi Balagne,CC,FPU,14,12132,11927
